source,target,sample_id,label,label_id,mean_prob,std_prob,error_rate
small,small,small-benign-0002,benign,0,0.023474354,0.023971863,0.0
small,small,small-benign-0005,benign,0,0.006281562,0.010346005,0.0
small,small,small-benign-0006,benign,0,0.109815575,0.19378632,0.1
small,small,small-benign-0015,benign,0,0.01368576,0.026845066,0.0
small,small,small-benign-0024,benign,0,0.32818165,0.27933538,0.3
small,small,small-benign-0033,benign,0,0.0682184,0.10426677,0.0
small,small,small-benign-0041,benign,0,0.71573365,0.30569962,0.8
small,small,small-benign-0048,benign,0,0.13705736,0.19725904,0.1
small,small,small-benign-0049,benign,0,0.04043191,0.08039792,0.0
small,small,small-benign-0053,benign,0,0.27637625,0.25183007,0.2
small,small,small-benign-0054,benign,0,0.43881854,0.41357175,0.5
small,small,small-benign-0072,benign,0,0.009668661,0.01525899,0.0
small,small,small-benign-0080,benign,0,0.08120924,0.20955168,0.1
small,small,small-benign-0083,benign,0,0.085720524,0.20997971,0.1
small,small,small-benign-0085,benign,0,0.06661131,0.10419705,0.0
small,small,small-benign-0093,benign,0,0.19077918,0.20117475,0.1
small,small,small-benign-0094,benign,0,0.08447048,0.10938401,0.0
small,small,small-benign-0109,benign,0,0.027342811,0.058490664,0.0
small,small,small-benign-0110,benign,0,0.003359329,0.0064346767,0.0
small,small,small-benign-0112,benign,0,0.2484709,0.31647387,0.2
small,small,small-benign-0116,benign,0,0.17062303,0.17571661,0.1
small,small,small-benign-0119,benign,0,0.124642774,0.12753445,0.0
small,small,small-benign-0140,benign,0,0.28580362,0.31195414,0.2
small,small,small-benign-0150,benign,0,0.012236277,0.015588781,0.0
small,small,small-benign-0154,benign,0,0.012128921,0.022669936,0.0
small,small,small-benign-0161,benign,0,0.81164086,0.21531828,0.9
small,small,small-benign-0184,benign,0,0.17484616,0.34098026,0.2
small,small,small-benign-0193,benign,0,0.84059364,0.24724437,0.9
small,small,small-benign-0197,benign,0,0.19099623,0.2263334,0.2
small,small,small-benign-0214,benign,0,0.0027208598,0.0051209736,0.0
small,small,small-benign-0215,benign,0,0.0032013361,0.0051349197,0.0
small,small,small-benign-0216,benign,0,0.09039425,0.17842369,0.1
small,small,small-benign-0224,benign,0,0.088449106,0.070904836,0.0
small,small,small-benign-0226,benign,0,0.0051133246,0.009207594,0.0
small,small,small-benign-0232,benign,0,0.0056891055,0.011269026,0.0
small,small,small-benign-0242,benign,0,0.007078629,0.014749815,0.0
small,small,small-benign-0244,benign,0,0.011069643,0.018655326,0.0
small,small,small-benign-0250,benign,0,0.043220054,0.042564064,0.0
small,small,small-benign-0255,benign,0,0.115637735,0.17238763,0.1
small,small,small-benign-0274,benign,0,0.06882574,0.14079024,0.0
small,small,small-benign-0293,benign,0,0.031646367,0.031626306,0.0
small,small,small-benign-0295,benign,0,0.0012102211,0.0024802955,0.0
small,small,small-benign-0301,benign,0,0.48956528,0.29453945,0.6
small,small,small-benign-0310,benign,0,0.0968755,0.23361938,0.1
small,small,small-benign-0318,benign,0,0.014315665,0.019268889,0.0
small,small,small-benign-0326,benign,0,0.0021206995,0.0053585353,0.0
small,small,small-benign-0329,benign,0,0.061376266,0.108459055,0.0
small,small,small-benign-0339,benign,0,0.83321494,0.2043701,0.9
small,small,small-benign-0349,benign,0,0.23711284,0.25597322,0.2
small,small,small-benign-0355,benign,0,0.12511267,0.19481474,0.1
small,small,small-benign-0360,benign,0,0.17765139,0.15891905,0.0
small,small,small-benign-0370,benign,0,0.53550357,0.28489172,0.4
small,small,small-benign-0379,benign,0,0.003976588,0.007626365,0.0
small,small,small-benign-0403,benign,0,0.0028434803,0.005752277,0.0
small,small,small-benign-0407,benign,0,0.78358185,0.24479389,0.8
small,small,small-benign-0408,benign,0,0.08313303,0.10223073,0.0
small,small,small-benign-0409,benign,0,0.049617432,0.048760254,0.0
small,small,small-benign-0416,benign,0,0.02853541,0.040888615,0.0
small,small,small-benign-0425,benign,0,0.025881913,0.03940921,0.0
small,small,small-benign-0429,benign,0,0.010366256,0.01906762,0.0
small,small,small-benign-0431,benign,0,0.041024223,0.08082169,0.0
small,small,small-malignant-0007,malignant,1,0.94249284,0.09705072,0.0
small,small,small-malignant-0008,malignant,1,0.9355365,0.098745234,0.0
small,small,small-malignant-0021,malignant,1,0.11111294,0.18400887,0.9
small,small,small-malignant-0026,malignant,1,0.6113514,0.30905658,0.4
small,small,small-malignant-0042,malignant,1,0.9621688,0.05955007,0.0
small,small,small-malignant-0043,malignant,1,0.93592536,0.07310313,0.0
small,small,small-malignant-0054,malignant,1,0.022295238,0.023236651,1.0
small,small,small-malignant-0066,malignant,1,0.16852926,0.13926092,1.0
small,small,small-malignant-0081,malignant,1,0.8336749,0.24216765,0.2
small,small,small-malignant-0083,malignant,1,0.5326952,0.30790526,0.5
small,small,small-malignant-0087,malignant,1,0.28062826,0.23026976,0.8
small,small,small-malignant-0090,malignant,1,0.5015661,0.28831857,0.6
small,small,small-malignant-0094,malignant,1,0.0033090953,0.007982111,1.0
small,small,small-malignant-0095,malignant,1,0.9879405,0.022635622,0.0
small,small,small-malignant-0114,malignant,1,0.98957425,0.0154423965,0.0
small,small,small-malignant-0141,malignant,1,0.13005237,0.11583504,1.0
small,small,small-malignant-0144,malignant,1,0.95937955,0.08932803,0.0
small,small,small-malignant-0147,malignant,1,0.7825765,0.1353307,0.1
small,small,small-malignant-0149,malignant,1,0.6234984,0.23305939,0.4
small,small,small-malignant-0152,malignant,1,0.5327979,0.24481331,0.5
small,small,small-malignant-0154,malignant,1,0.056883793,0.087547265,1.0
small,small,small-malignant-0155,malignant,1,0.91134197,0.14216769,0.0
small,small,small-malignant-0164,malignant,1,0.9560765,0.05364147,0.0
small,small,small-malignant-0167,malignant,1,0.06251084,0.05466223,1.0
small,small,small-malignant-0173,malignant,1,0.18263505,0.23428106,0.8
small,small,small-malignant-0174,malignant,1,0.2765171,0.2394371,0.8
small,small,small-malignant-0175,malignant,1,0.8085205,0.20000567,0.1
small,small,small-malignant-0183,malignant,1,0.99178255,0.013657815,0.0
small,small,small-malignant-0192,malignant,1,0.51789176,0.29397476,0.4
small,small,small-malignant-0198,malignant,1,0.33040744,0.1637411,0.9
small,small,small-malignant-0200,malignant,1,0.049973756,0.06903955,1.0
small,medium,medium-bus_0004-l,benign,0,0.17866692,0.266945,0.2
small,medium,medium-bus_0004-r,benign,0,0.27025384,0.29439768,0.2
small,medium,medium-bus_0011-l,benign,0,0.14549628,0.245347,0.2
small,medium,medium-bus_0011-r,benign,0,0.19953197,0.22081967,0.2
small,medium,medium-bus_0016-l,malignant,1,0.6328149,0.30759135,0.3
small,medium,medium-bus_0016-r,malignant,1,0.4150394,0.2394062,0.6
small,medium,medium-bus_0017-s,malignant,1,0.3861739,0.28206933,0.7
small,medium,medium-bus_0018-s,malignant,1,0.07146748,0.08970039,1.0
small,medium,medium-bus_0025-l,benign,0,0.10922916,0.12253041,0.0
small,medium,medium-bus_0025-r,benign,0,0.07705008,0.10048626,0.0
small,medium,medium-bus_0027-l,malignant,1,0.03743714,0.048995554,1.0
small,medium,medium-bus_0027-r,malignant,1,0.4992857,0.34238416,0.6
small,medium,medium-bus_0033-l,benign,0,0.08947233,0.14394309,0.0
small,medium,medium-bus_0033-r,benign,0,0.1791749,0.183079,0.1
small,medium,medium-bus_0035-l,benign,0,0.09393368,0.15919973,0.1
small,medium,medium-bus_0035-r,benign,0,0.11603049,0.19590439,0.1
small,medium,medium-bus_0041-l,malignant,1,0.23516612,0.19862886,0.8
small,medium,medium-bus_0041-r,malignant,1,0.06114935,0.05992327,1.0
small,medium,medium-bus_0043-s,malignant,1,0.91600055,0.09809914,0.0
small,medium,medium-bus_0044-l,benign,0,0.09049672,0.13918693,0.0
small,medium,medium-bus_0044-r,benign,0,0.013826293,0.02486922,0.0
small,medium,medium-bus_0049-l,malignant,1,0.8057321,0.19205794,0.1
small,medium,medium-bus_0049-r,malignant,1,0.93623924,0.06873249,0.0
small,medium,medium-bus_0069-l,benign,0,0.8301485,0.18276428,0.9
small,medium,medium-bus_0069-r,benign,0,0.6157281,0.28279147,0.6
small,medium,medium-bus_0077-s,malignant,1,0.2173682,0.23374993,0.9
small,medium,medium-bus_0078-s,malignant,1,0.54192984,0.34215537,0.5
small,medium,medium-bus_0082-s,benign,0,0.046645906,0.07978641,0.0
small,medium,medium-bus_0089-s,malignant,1,0.20258525,0.25445724,0.8
small,medium,medium-bus_0091-l,benign,0,0.2724833,0.26870498,0.3
small,medium,medium-bus_0091-r,benign,0,0.77602094,0.15160269,0.9
small,medium,medium-bus_0096-s,benign,0,0.019204082,0.047493614,0.0
small,medium,medium-bus_0099-l,benign,0,0.9139835,0.09870503,1.0
small,medium,medium-bus_0099-r,benign,0,0.48050776,0.28347704,0.5
small,medium,medium-bus_0113-s,benign,0,0.00249033,0.0047446736,0.0
small,medium,medium-bus_0121-s,benign,0,0.30752474,0.3006903,0.2
small,medium,medium-bus_0137-l,benign,0,0.048122462,0.06886714,0.0
small,medium,medium-bus_0137-r,benign,0,0.18599126,0.22908007,0.2
small,medium,medium-bus_0147-l,benign,0,0.077589035,0.15487239,0.1
small,medium,medium-bus_0147-r,benign,0,0.12379577,0.16249755,0.1
small,medium,medium-bus_0148-l,benign,0,0.2724071,0.24519266,0.3
small,medium,medium-bus_0148-r,benign,0,0.20627555,0.17494255,0.1
small,medium,medium-bus_0172-l,benign,0,0.062163454,0.10769754,0.0
small,medium,medium-bus_0172-r,benign,0,0.044589188,0.05031682,0.0
small,medium,medium-bus_0177-l,benign,0,0.054623425,0.12564047,0.0
small,medium,medium-bus_0177-r,benign,0,0.30884403,0.37546912,0.3
small,medium,medium-bus_0181-s,benign,0,0.44883242,0.3423277,0.4
small,medium,medium-bus_0190-l,malignant,1,0.13131873,0.13571747,1.0
small,medium,medium-bus_0190-r,malignant,1,0.7304503,0.18339847,0.1
small,medium,medium-bus_0200-s,benign,0,0.22139044,0.19236378,0.2
small,medium,medium-bus_0204-l,benign,0,0.10422095,0.17814359,0.1
small,medium,medium-bus_0204-r,benign,0,0.15424821,0.19751064,0.1
small,medium,medium-bus_0211-l,benign,0,0.39720002,0.30038682,0.4
small,medium,medium-bus_0211-r,benign,0,0.23118412,0.24492007,0.1
small,medium,medium-bus_0214-l,benign,0,0.16054317,0.2405521,0.1
small,medium,medium-bus_0214-r,benign,0,0.61165583,0.30458117,0.6
small,medium,medium-bus_0215-l,benign,0,0.32165986,0.31505775,0.2
small,medium,medium-bus_0215-r,benign,0,0.3362972,0.3119794,0.3
small,medium,medium-bus_0223-l,benign,0,0.16929588,0.21268956,0.2
small,medium,medium-bus_0223-r,benign,0,0.84136856,0.11398653,1.0
small,medium,medium-bus_0233-s,malignant,1,0.94980764,0.05530624,0.0
small,medium,medium-bus_0247-l,malignant,1,0.58229864,0.25615153,0.4
small,medium,medium-bus_0247-r,malignant,1,0.53527296,0.32776043,0.4
small,medium,medium-bus_0252-l,benign,0,0.16036107,0.16083018,0.0
small,medium,medium-bus_0252-r,benign,0,0.10420684,0.1537052,0.0
small,medium,medium-bus_0264-l,malignant,1,0.11987287,0.13182665,1.0
small,medium,medium-bus_0264-r,malignant,1,0.13313894,0.11964158,1.0
small,medium,medium-bus_0265-s,malignant,1,0.016328098,0.01887315,1.0
small,medium,medium-bus_0270-l,benign,0,0.92441463,0.17010191,0.9
small,medium,medium-bus_0270-r,benign,0,0.906315,0.060729682,1.0
small,medium,medium-bus_0276-l,benign,0,0.33553058,0.30549413,0.3
small,medium,medium-bus_0276-r,benign,0,0.37829888,0.34050137,0.4
small,medium,medium-bus_0277-l,benign,0,0.46588364,0.244677,0.5
small,medium,medium-bus_0277-r,benign,0,0.4136723,0.21036227,0.4
small,medium,medium-bus_0282-l,benign,0,0.17160359,0.2687203,0.1
small,medium,medium-bus_0282-r,benign,0,0.17579916,0.2165742,0.1
small,medium,medium-bus_0292-l,benign,0,0.07783713,0.1816064,0.1
small,medium,medium-bus_0292-r,benign,0,0.013548812,0.021248315,0.0
small,medium,medium-bus_0293-s,benign,0,0.0049138153,0.013267187,0.0
small,medium,medium-bus_0295-l,benign,0,0.008496175,0.014163216,0.0
small,medium,medium-bus_0295-r,benign,0,0.0063368403,0.01244091,0.0
small,medium,medium-bus_0305-l,benign,0,0.07640844,0.12536663,0.0
small,medium,medium-bus_0305-r,benign,0,0.101922914,0.123414755,0.0
small,medium,medium-bus_0312-s,benign,0,0.103641465,0.16594931,0.0
small,medium,medium-bus_0321-s,malignant,1,0.19677842,0.2214247,0.9
small,medium,medium-bus_0324-s,malignant,1,0.70280975,0.21640351,0.1
small,medium,medium-bus_0336-s,malignant,1,0.2801042,0.31802338,0.6
small,medium,medium-bus_0342-l,malignant,1,0.45333323,0.25400212,0.5
small,medium,medium-bus_0342-r,malignant,1,0.97626704,0.0330007,0.0
small,medium,medium-bus_0343-l,malignant,1,0.5646461,0.35492393,0.3
small,medium,medium-bus_0343-r,malignant,1,0.8022424,0.16190279,0.1
small,medium,medium-bus_0358-l,benign,0,0.007477793,0.014974557,0.0
small,medium,medium-bus_0358-r,benign,0,0.011089987,0.018701116,0.0
small,medium,medium-bus_0361-l,benign,0,0.03974686,0.047367554,0.0
small,medium,medium-bus_0361-r,benign,0,0.005655405,0.01092452,0.0
small,medium,medium-bus_0363-l,benign,0,0.059270173,0.06201477,0.0
small,medium,medium-bus_0363-r,benign,0,0.001311504,0.0032095246,0.0
small,medium,medium-bus_0365-l,benign,0,0.012234187,0.0217326,0.0
small,medium,medium-bus_0365-r,benign,0,0.01965502,0.021413429,0.0
small,medium,medium-bus_0376-l,benign,0,0.0017873753,0.00253207,0.0
small,medium,medium-bus_0376-r,benign,0,0.000496617,0.0012839382,0.0
small,medium,medium-bus_0383-l,benign,0,0.004955974,0.008183842,0.0
small,medium,medium-bus_0383-r,benign,0,0.0056617265,0.007494964,0.0
small,medium,medium-bus_0398-l,benign,0,0.14298157,0.19334763,0.1
small,medium,medium-bus_0398-r,benign,0,0.032520685,0.05773462,0.0
small,medium,medium-bus_0406-l,malignant,1,0.49294943,0.28166038,0.5
small,medium,medium-bus_0406-r,malignant,1,0.55912393,0.2720976,0.4
small,medium,medium-bus_0411-l,malignant,1,0.58572495,0.30889207,0.4
small,medium,medium-bus_0411-r,malignant,1,0.31712598,0.30393204,0.8
small,medium,medium-bus_0413-l,malignant,1,0.0067268806,0.0073534357,1.0
small,medium,medium-bus_0413-r,malignant,1,0.0017920004,0.004020671,1.0
small,medium,medium-bus_0414-l,malignant,1,0.029677685,0.040022597,1.0
small,medium,medium-bus_0414-r,malignant,1,0.0368067,0.048962906,1.0
small,medium,medium-bus_0420-l,benign,0,0.23213895,0.2577789,0.2
small,medium,medium-bus_0420-r,benign,0,0.017229388,0.031373527,0.0
small,medium,medium-bus_0422-l,benign,0,0.021654181,0.042533934,0.0
small,medium,medium-bus_0422-r,benign,0,0.07619227,0.08719169,0.0
small,medium,medium-bus_0423-l,benign,0,0.09003164,0.13440052,0.0
small,medium,medium-bus_0423-r,benign,0,0.0060109985,0.015164452,0.0
small,medium,medium-bus_0430-l,benign,0,0.3455922,0.31213182,0.3
small,medium,medium-bus_0430-r,benign,0,0.014871734,0.0150808785,0.0
small,medium,medium-bus_0432-l,malignant,1,0.20549557,0.24693137,0.8
small,medium,medium-bus_0432-r,malignant,1,0.014148569,0.018456772,1.0
small,medium,medium-bus_0433-l,benign,0,0.0034126253,0.0067898063,0.0
small,medium,medium-bus_0433-r,benign,0,0.07531426,0.19110397,0.1
small,medium,medium-bus_0438-l,benign,0,0.028254256,0.029996485,0.0
small,medium,medium-bus_0438-r,benign,0,0.040055037,0.06902317,0.0
small,medium,medium-bus_0461-l,malignant,1,0.014389984,0.028772214,1.0
small,medium,medium-bus_0461-r,malignant,1,0.015811685,0.036307745,1.0
small,medium,medium-bus_0471-l,malignant,1,0.0072430274,0.012533701,1.0
small,medium,medium-bus_0471-r,malignant,1,0.02172247,0.038778108,1.0
small,medium,medium-bus_0479-l,benign,0,0.01618541,0.032764778,0.0
small,medium,medium-bus_0479-r,benign,0,0.001562291,0.0038959642,0.0
small,medium,medium-bus_0491-l,benign,0,0.029547516,0.063489966,0.0
small,medium,medium-bus_0491-r,benign,0,0.001284732,0.0028079909,0.0
small,medium,medium-bus_0504-l,benign,0,0.005792738,0.0122553855,0.0
small,medium,medium-bus_0504-r,benign,0,0.3994789,0.4442235,0.4
small,medium,medium-bus_0505-l,benign,0,0.02322175,0.021937277,0.0
small,medium,medium-bus_0505-r,benign,0,0.056961972,0.07414848,0.0
small,medium,medium-bus_0506-l,benign,0,0.016328076,0.03412729,0.0
small,medium,medium-bus_0506-r,benign,0,0.009561678,0.014797089,0.0
small,medium,medium-bus_0511-l,benign,0,0.031020021,0.054653086,0.0
small,medium,medium-bus_0511-r,benign,0,0.012884918,0.027749384,0.0
small,medium,medium-bus_0513-l,benign,0,0.057293557,0.14019573,0.0
small,medium,medium-bus_0513-r,benign,0,0.060365118,0.1356161,0.0
small,medium,medium-bus_0518-l,benign,0,0.13396285,0.2090033,0.2
small,medium,medium-bus_0518-r,benign,0,0.79578286,0.24436936,0.9
small,medium,medium-bus_0521-l,benign,0,0.47035903,0.296375,0.5
small,medium,medium-bus_0521-r,benign,0,0.24234411,0.24079913,0.2
small,medium,medium-bus_0522-l,benign,0,0.014876803,0.01954059,0.0
small,medium,medium-bus_0522-r,benign,0,0.20863657,0.1575937,0.0
small,medium,medium-bus_0523-l,benign,0,0.0065141916,0.009733276,0.0
small,medium,medium-bus_0523-r,benign,0,0.07527493,0.1294024,0.0
small,medium,medium-bus_0528-l,benign,0,0.015302038,0.034008447,0.0
small,medium,medium-bus_0528-r,benign,0,0.031447694,0.051488142,0.0
small,medium,medium-bus_0556-l,benign,0,0.0019357965,0.005219786,0.0
small,medium,medium-bus_0556-r,benign,0,0.002299643,0.0044320547,0.0
small,medium,medium-bus_0568-l,malignant,1,0.004269627,0.0052334447,1.0
small,medium,medium-bus_0568-r,malignant,1,0.015056238,0.019335633,1.0
small,medium,medium-bus_0585-l,malignant,1,0.016271597,0.022042539,1.0
small,medium,medium-bus_0585-r,malignant,1,0.16256368,0.15148737,1.0
small,medium,medium-bus_0622-l,malignant,1,0.17549175,0.23418064,0.8
small,medium,medium-bus_0622-r,malignant,1,0.3290381,0.2744559,0.8
small,medium,medium-bus_0630-l,malignant,1,0.044811983,0.062340103,1.0
small,medium,medium-bus_0630-r,malignant,1,0.0037977225,0.008712673,1.0
small,medium,medium-bus_0644-l,malignant,1,0.43414694,0.24361794,0.6
small,medium,medium-bus_0644-r,malignant,1,0.07080764,0.083903514,1.0
small,medium,medium-bus_0650-l,malignant,1,0.15275894,0.22971448,0.9
small,medium,medium-bus_0650-r,malignant,1,0.14445135,0.26272547,0.9
small,medium,medium-bus_0670-l,benign,0,0.00075083337,0.0020171124,0.0
small,medium,medium-bus_0670-r,benign,0,0.00016693008,0.0004853676,0.0
small,medium,medium-bus_0676-s,malignant,1,0.45841604,0.32259554,0.5
small,medium,medium-bus_0678-s,benign,0,0.006421053,0.010204301,0.0
small,medium,medium-bus_0679-s,benign,0,0.0029739188,0.004684993,0.0
small,medium,medium-bus_0681-s,benign,0,0.059075482,0.09345774,0.0
small,medium,medium-bus_0684-s,benign,0,0.022806484,0.036736585,0.0
small,medium,medium-bus_0695-l,benign,0,0.002114668,0.004195143,0.0
small,medium,medium-bus_0695-r,benign,0,0.010937668,0.018650357,0.0
small,medium,medium-bus_0701-s,benign,0,0.4422473,0.2846429,0.4
small,medium,medium-bus_0705-s,malignant,1,0.045413762,0.053334717,1.0
small,medium,medium-bus_0707-s,benign,0,0.338569,0.3433389,0.3
small,medium,medium-bus_0711-s,benign,0,0.06608726,0.09427137,0.0
small,medium,medium-bus_0715-s,malignant,1,0.048795253,0.07346856,1.0
small,medium,medium-bus_0724-s,benign,0,0.036175765,0.062725805,0.0
small,medium,medium-bus_0737-s,benign,0,0.015410853,0.038338196,0.0
small,medium,medium-bus_0738-s,benign,0,0.031641666,0.051440086,0.0
small,medium,medium-bus_0739-s,benign,0,0.012393024,0.024905134,0.0
small,medium,medium-bus_0741-s,benign,0,0.05312664,0.10448146,0.0
small,medium,medium-bus_0749-s,benign,0,0.003972462,0.0077331336,0.0
small,medium,medium-bus_0750-s,benign,0,0.077184305,0.14828414,0.1
small,medium,medium-bus_0751-s,benign,0,0.00082215463,0.0018634368,0.0
small,medium,medium-bus_0754-s,malignant,1,0.22442086,0.22051857,0.8
small,medium,medium-bus_0757-s,benign,0,0.028322285,0.046788324,0.0
small,medium,medium-bus_0759-s,benign,0,0.26961452,0.25434074,0.2
small,medium,medium-bus_0760-s,benign,0,0.0012465975,0.0026023118,0.0
small,medium,medium-bus_0763-s,benign,0,0.15459982,0.20366523,0.2
small,medium,medium-bus_0765-s,benign,0,0.004159022,0.009231055,0.0
small,medium,medium-bus_0767-s,malignant,1,0.10896498,0.12024256,1.0
small,medium,medium-bus_0769-s,benign,0,0.035296924,0.049111467,0.0
small,medium,medium-bus_0771-s,benign,0,0.028626014,0.037404563,0.0
small,medium,medium-bus_0772-s,benign,0,0.06689264,0.08663722,0.0
small,medium,medium-bus_0775-s,benign,0,0.0015119263,0.0027298634,0.0
small,medium,medium-bus_0777-s,benign,0,0.1348269,0.14861661,0.1
small,medium,medium-bus_0780-s,benign,0,0.018821685,0.023559155,0.0
small,medium,medium-bus_0781-s,benign,0,0.20040016,0.31412357,0.2
small,medium,medium-bus_0782-s,benign,0,0.04667396,0.067040786,0.0
small,medium,medium-bus_0784-s,benign,0,0.061403126,0.085139595,0.0
small,medium,medium-bus_0792-s,benign,0,0.04939274,0.079837374,0.0
small,medium,medium-bus_0795-s,malignant,1,0.030613417,0.055499163,1.0
small,medium,medium-bus_0796-s,benign,0,0.03703252,0.043684725,0.0
small,medium,medium-bus_0798-s,benign,0,0.20707402,0.27438807,0.2
small,medium,medium-bus_0804-s,benign,0,0.4351263,0.33826655,0.5
small,medium,medium-bus_0805-s,benign,0,0.007776992,0.012644451,0.0
small,medium,medium-bus_0806-s,benign,0,0.20745173,0.21494804,0.2
small,medium,medium-bus_0810-s,malignant,1,0.20218071,0.21341147,0.9
small,medium,medium-bus_0817-s,benign,0,0.1065221,0.19423977,0.1
small,medium,medium-bus_0822-s,benign,0,0.3238986,0.28856716,0.2
small,medium,medium-bus_0823-s,benign,0,0.13452037,0.16933438,0.0
small,medium,medium-bus_0826-s,benign,0,0.0035826794,0.0055254847,0.0
small,medium,medium-bus_0830-s,benign,0,0.020161416,0.03294197,0.0
small,medium,medium-bus_0831-s,malignant,1,0.08485289,0.09629581,1.0
small,medium,medium-bus_0832-s,malignant,1,0.060528766,0.08040538,1.0
small,medium,medium-bus_0834-s,benign,0,0.14335766,0.21694525,0.1
small,medium,medium-bus_0836-s,benign,0,0.59438103,0.22767356,0.7
small,medium,medium-bus_0837-s,benign,0,0.104535125,0.18813439,0.1
small,medium,medium-bus_0840-s,benign,0,0.6395724,0.29070953,0.8
small,medium,medium-bus_0846-s,benign,0,0.07944907,0.1228286,0.0
small,medium,medium-bus_0851-s,benign,0,0.40594172,0.36532643,0.4
small,medium,medium-bus_0882-l,benign,0,0.27672133,0.24532503,0.3
small,medium,medium-bus_0882-r,benign,0,0.061489236,0.099786855,0.0
small,medium,medium-bus_0884-l,benign,0,0.4356967,0.29059106,0.5
small,medium,medium-bus_0884-r,benign,0,0.13675883,0.19212162,0.1
small,medium,medium-bus_0894-s,benign,0,0.525553,0.2934046,0.6
small,medium,medium-bus_0897-l,benign,0,0.07471284,0.15077227,0.1
small,medium,medium-bus_0897-r,benign,0,0.042703055,0.07384332,0.0
small,medium,medium-bus_0905-l,benign,0,0.9003582,0.086188056,1.0
small,medium,medium-bus_0905-r,benign,0,0.40201288,0.23180619,0.4
small,medium,medium-bus_0935-l,malignant,1,0.104690745,0.171097,0.9
small,medium,medium-bus_0935-r,malignant,1,0.32129857,0.30304468,0.7
small,medium,medium-bus_0937-l,malignant,1,0.95769674,0.05308022,0.0
small,medium,medium-bus_0937-r,malignant,1,0.91261023,0.08788075,0.0
small,medium,medium-bus_0939-s,malignant,1,0.19173726,0.18682331,0.9
small,medium,medium-bus_0940-s,malignant,1,0.8194636,0.16437215,0.1
small,medium,medium-bus_0944-l,malignant,1,0.7734653,0.22475661,0.2
small,medium,medium-bus_0944-r,malignant,1,0.95765305,0.04758468,0.0
small,medium,medium-bus_0948-l,malignant,1,0.8539049,0.14854652,0.0
small,medium,medium-bus_0948-r,malignant,1,0.9576467,0.058231995,0.0
small,medium,medium-bus_0957-s,benign,0,0.38862327,0.28508946,0.4
small,medium,medium-bus_0968-l,benign,0,0.36064595,0.29054227,0.3
small,medium,medium-bus_0968-r,benign,0,0.31537998,0.24686857,0.3
small,medium,medium-bus_0972-s,malignant,1,0.045282967,0.08723186,1.0
small,medium,medium-bus_0978-l,malignant,1,0.84509724,0.15068762,0.0
small,medium,medium-bus_0978-r,malignant,1,0.636032,0.28002447,0.4
small,medium,medium-bus_0981-l,malignant,1,0.66769904,0.24894826,0.3
small,medium,medium-bus_0981-r,malignant,1,0.34408218,0.27739736,0.6
small,medium,medium-bus_0984-l,malignant,1,0.9739439,0.040063374,0.0
small,medium,medium-bus_0984-r,malignant,1,0.94420195,0.06811937,0.0
small,medium,medium-bus_0995-l,benign,0,0.17372246,0.23363137,0.2
small,medium,medium-bus_0995-r,benign,0,0.7579791,0.29780555,0.8
small,medium,medium-bus_0997-l,benign,0,0.8561775,0.20899399,0.9
small,medium,medium-bus_0997-r,benign,0,0.4204112,0.35579997,0.4
small,medium,medium-bus_0998-s,malignant,1,0.94170237,0.060112517,0.0
small,medium,medium-bus_1003-l,benign,0,0.5239026,0.31199965,0.6
small,medium,medium-bus_1003-r,benign,0,0.34051314,0.33567256,0.4
small,medium,medium-bus_1004-l,malignant,1,0.74289554,0.24799773,0.2
small,medium,medium-bus_1004-r,malignant,1,0.78387076,0.19055125,0.2
small,medium,medium-bus_1005-s,benign,0,0.44098306,0.26428697,0.4
small,medium,medium-bus_1015-s,benign,0,0.960256,0.058838617,1.0
small,medium,medium-bus_1021-l,benign,0,0.15876651,0.19144219,0.1
small,medium,medium-bus_1021-r,benign,0,0.08222039,0.148269,0.0
small,medium,medium-bus_1033-l,malignant,1,0.6107967,0.28940997,0.4
small,medium,medium-bus_1033-r,malignant,1,0.72411597,0.13618796,0.0
small,medium,medium-bus_1039-l,malignant,1,0.96614724,0.047623113,0.0
small,medium,medium-bus_1039-r,malignant,1,0.9185297,0.12010503,0.0
small,medium,medium-bus_1046-l,malignant,1,0.31260574,0.20027754,0.8
small,medium,medium-bus_1046-r,malignant,1,0.30865163,0.24425745,0.8
small,medium,medium-bus_1049-l,benign,0,0.18372884,0.18816923,0.1
small,medium,medium-bus_1049-r,benign,0,0.68151414,0.23885903,0.8
small,medium,medium-bus_1054-l,benign,0,0.8585844,0.16273333,0.9
small,medium,medium-bus_1054-r,benign,0,0.6807443,0.26988328,0.8
small,medium,medium-bus_1060-s,malignant,1,0.76107776,0.19646788,0.1
small,big,big-GDPH-benign-0444,benign,0,0.010982374,0.010826886,0.0
small,big,big-GDPH-benign-0460,benign,0,0.38967717,0.3978005,0.4
small,big,big-GDPH-benign-0465,benign,0,0.018108407,0.034038175,0.0
small,big,big-GDPH-benign-0471,benign,0,0.24079315,0.22400838,0.1
small,big,big-GDPH-benign-0484,benign,0,0.107382715,0.18005154,0.1
small,big,big-GDPH-benign-0497,benign,0,0.15779462,0.14036626,0.0
small,big,big-GDPH-benign-0503,benign,0,0.025589589,0.053288613,0.0
small,big,big-GDPH-benign-0508,benign,0,0.10171683,0.15029678,0.0
small,big,big-GDPH-benign-0512,benign,0,0.1292215,0.15391219,0.0
small,big,big-GDPH-benign-0514,benign,0,0.022242732,0.036614846,0.0
small,big,big-GDPH-benign-0522,benign,0,0.4564324,0.29959142,0.4
small,big,big-GDPH-benign-0523,benign,0,0.27787217,0.2607506,0.1
small,big,big-GDPH-benign-0524,benign,0,0.1531674,0.14924979,0.1
small,big,big-GDPH-benign-0526,benign,0,0.06629662,0.06740464,0.0
small,big,big-GDPH-benign-0528,benign,0,0.049311925,0.06233787,0.0
small,big,big-GDPH-benign-0569,benign,0,0.08094989,0.16879013,0.1
small,big,big-GDPH-benign-0575,benign,0,0.18863358,0.16316922,0.0
small,big,big-GDPH-benign-0581,benign,0,0.10684389,0.12313767,0.0
small,big,big-GDPH-benign-0586,benign,0,0.20527115,0.14218478,0.0
small,big,big-GDPH-benign-0589,benign,0,0.17681183,0.27239466,0.1
small,big,big-GDPH-benign-0592,benign,0,0.07937516,0.105995156,0.0
small,big,big-GDPH-benign-0597,benign,0,0.85981476,0.18113819,0.9
small,big,big-GDPH-benign-0598,benign,0,0.6027809,0.30365548,0.7
small,big,big-GDPH-benign-0613,benign,0,0.38529754,0.3194233,0.5
small,big,big-GDPH-benign-0633,benign,0,0.037446834,0.0528672,0.0
small,big,big-GDPH-benign-0640,benign,0,0.182062,0.21522471,0.1
small,big,big-GDPH-benign-0643,benign,0,0.14709835,0.16858672,0.0
small,big,big-GDPH-benign-0668,benign,0,0.010732072,0.014960808,0.0
small,big,big-GDPH-benign-0669,benign,0,0.040545765,0.070192054,0.0
small,big,big-GDPH-benign-0671,benign,0,0.13022487,0.13244162,0.0
small,big,big-GDPH-benign-0673,benign,0,0.057776235,0.15930249,0.1
small,big,big-GDPH-benign-0678,benign,0,0.08123003,0.16224074,0.1
small,big,big-GDPH-benign-0679,benign,0,0.10139428,0.22321887,0.1
small,big,big-GDPH-benign-0682,benign,0,0.4246195,0.34699783,0.4
small,big,big-GDPH-benign-0690,benign,0,0.0013217581,0.0037926089,0.0
small,big,big-GDPH-benign-0692,benign,0,0.13327509,0.14135721,0.0
small,big,big-GDPH-benign-0730,benign,0,0.08636781,0.09630143,0.0
small,big,big-GDPH-benign-0741,benign,0,0.0018005602,0.0034336643,0.0
small,big,big-GDPH-benign-0746,benign,0,0.5084479,0.3884903,0.5
small,big,big-GDPH-benign-0751,benign,0,0.21439621,0.2391016,0.2
small,big,big-GDPH-benign-0767,benign,0,0.028885137,0.041838054,0.0
small,big,big-GDPH-benign-0774,benign,0,0.0025595217,0.004432825,0.0
small,big,big-GDPH-benign-0777,benign,0,0.013657561,0.023916434,0.0
small,big,big-GDPH-benign-0789,benign,0,0.022866556,0.03070341,0.0
small,big,big-GDPH-benign-0798,benign,0,0.2081939,0.25326285,0.1
small,big,big-GDPH-benign-0800,benign,0,0.0067548216,0.012072287,0.0
small,big,big-GDPH-benign-0802,benign,0,0.15161933,0.23847039,0.2
small,big,big-GDPH-benign-0816,benign,0,0.17449798,0.20066278,0.1
small,big,big-GDPH-benign-0821,benign,0,0.23049876,0.32753864,0.2
small,big,big-GDPH-benign-0823,benign,0,0.015650483,0.013953978,0.0
small,big,big-GDPH-benign-0824,benign,0,0.1525313,0.17269297,0.1
small,big,big-GDPH-benign-0827,benign,0,0.79477924,0.20576346,0.9
small,big,big-GDPH-benign-0834,benign,0,0.04703761,0.12247972,0.0
small,big,big-GDPH-benign-0836,benign,0,0.011672691,0.017694062,0.0
small,big,big-GDPH-benign-0844,benign,0,0.1872181,0.15040398,0.1
small,big,big-GDPH-benign-0847,benign,0,0.008936493,0.01804888,0.0
small,big,big-GDPH-benign-0852,benign,0,0.01838554,0.023496022,0.0
small,big,big-GDPH-benign-0856,benign,0,0.0035456405,0.006584562,0.0
small,big,big-GDPH-benign-0859,benign,0,0.13611224,0.20494251,0.1
small,big,big-GDPH-benign-0860,benign,0,0.014008112,0.018907338,0.0
small,big,big-GDPH-benign-0861,benign,0,0.041565437,0.0899829,0.0
small,big,big-GDPH-benign-0877,benign,0,0.007564053,0.01690067,0.0
small,big,big-GDPH-benign-0880,benign,0,0.035975628,0.04947711,0.0
small,big,big-GDPH-malignant-1135,malignant,1,0.18054494,0.26651677,0.8
small,big,big-GDPH-malignant-1140,malignant,1,0.5669561,0.35292584,0.4
small,big,big-GDPH-malignant-1141,malignant,1,0.025976252,0.040906306,1.0
small,big,big-GDPH-malignant-1149,malignant,1,0.033004746,0.046566807,1.0
small,big,big-GDPH-malignant-1154,malignant,1,0.07550486,0.10823421,1.0
small,big,big-GDPH-malignant-1158,malignant,1,0.0331971,0.040094614,1.0
small,big,big-GDPH-malignant-1185,malignant,1,0.08986286,0.14236988,1.0
small,big,big-GDPH-malignant-1194,malignant,1,0.23242171,0.2708415,0.7
small,big,big-GDPH-malignant-1205,malignant,1,0.6290308,0.30345628,0.4
small,big,big-GDPH-malignant-1218,malignant,1,0.47702917,0.2980044,0.5
small,big,big-GDPH-malignant-1226,malignant,1,0.9693611,0.05616701,0.0
small,big,big-GDPH-malignant-1227,malignant,1,0.8159747,0.15072662,0.0
small,big,big-GDPH-malignant-1229,malignant,1,0.5598299,0.26874882,0.5
small,big,big-GDPH-malignant-1237,malignant,1,0.14863274,0.228925,0.9
small,big,big-GDPH-malignant-1239,malignant,1,0.90350044,0.14981553,0.1
small,big,big-GDPH-malignant-1256,malignant,1,0.18869044,0.19349317,0.9
small,big,big-GDPH-malignant-1258,malignant,1,0.3653068,0.28614923,0.6
small,big,big-GDPH-malignant-1278,malignant,1,0.023358222,0.04740416,1.0
small,big,big-GDPH-malignant-1304,malignant,1,0.6202759,0.28562123,0.3
small,big,big-GDPH-malignant-1305,malignant,1,0.5356797,0.3169677,0.4
small,big,big-GDPH-malignant-1307,malignant,1,0.46047395,0.31208992,0.4
small,big,big-GDPH-malignant-1313,malignant,1,0.024418317,0.029355187,1.0
small,big,big-GDPH-malignant-1317,malignant,1,0.8884126,0.21759641,0.1
small,big,big-GDPH-malignant-1321,malignant,1,0.52118725,0.23158497,0.4
small,big,big-GDPH-malignant-1337,malignant,1,0.2668436,0.24861601,0.8
small,big,big-GDPH-malignant-1340,malignant,1,0.97502023,0.031241901,0.0
small,big,big-GDPH-malignant-1341,malignant,1,0.15876724,0.3009179,0.9
small,big,big-GDPH-malignant-1345,malignant,1,0.11774205,0.19917022,0.9
small,big,big-GDPH-malignant-1346,malignant,1,0.9170575,0.067129314,0.0
small,big,big-GDPH-malignant-1352,malignant,1,0.8949276,0.17529733,0.1
small,big,big-GDPH-malignant-1354,malignant,1,0.13590752,0.098981336,1.0
small,big,big-GDPH-malignant-1356,malignant,1,0.96890604,0.049093507,0.0
small,big,big-GDPH-malignant-1377,malignant,1,0.8776003,0.2635243,0.1
small,big,big-GDPH-malignant-1382,malignant,1,0.77116495,0.21626094,0.2
small,big,big-GDPH-malignant-1388,malignant,1,0.69789004,0.15391086,0.1
small,big,big-GDPH-malignant-1400,malignant,1,0.4590296,0.25690135,0.5
small,big,big-GDPH-malignant-1414,malignant,1,0.83074605,0.18666093,0.1
small,big,big-GDPH-malignant-1416,malignant,1,0.011460326,0.011189324,1.0
small,big,big-GDPH-malignant-1421,malignant,1,0.12414928,0.1507876,1.0
small,big,big-GDPH-malignant-1426,malignant,1,0.35027117,0.24420576,0.7
small,big,big-GDPH-malignant-1439,malignant,1,0.012185302,0.015931733,1.0
small,big,big-GDPH-malignant-1443,malignant,1,0.9590969,0.05860156,0.0
small,big,big-GDPH-malignant-1449,malignant,1,0.66143864,0.19757283,0.3
small,big,big-GDPH-malignant-1450,malignant,1,0.05875185,0.084020995,1.0
small,big,big-GDPH-malignant-1465,malignant,1,0.060485184,0.07721529,1.0
small,big,big-GDPH-malignant-1468,malignant,1,0.042340033,0.043696776,1.0
small,big,big-GDPH-malignant-1469,malignant,1,0.04819252,0.12048562,1.0
small,big,big-GDPH-malignant-1477,malignant,1,0.5982051,0.19458188,0.4
small,big,big-GDPH-malignant-1483,malignant,1,0.56070685,0.27690184,0.4
small,big,big-GDPH-malignant-1489,malignant,1,0.6061703,0.29831055,0.4
small,big,big-GDPH-malignant-1491,malignant,1,0.07449315,0.113637984,1.0
small,big,big-GDPH-malignant-1499,malignant,1,0.08646299,0.0988149,1.0
small,big,big-GDPH-malignant-1505,malignant,1,0.43228573,0.25390613,0.6
small,big,big-SYSUCC-benign-0110,benign,0,0.038832474,0.08917481,0.0
small,big,big-SYSUCC-benign-0121,benign,0,0.340931,0.37663794,0.3
small,big,big-SYSUCC-benign-0127,benign,0,0.5076269,0.3973226,0.6
small,big,big-SYSUCC-benign-0132,benign,0,0.24619491,0.30416372,0.2
small,big,big-SYSUCC-benign-0140,benign,0,0.027026545,0.054180827,0.0
small,big,big-SYSUCC-benign-0143,benign,0,0.03345739,0.06504135,0.0
small,big,big-SYSUCC-benign-0015,benign,0,0.8349705,0.23965393,0.9
small,big,big-SYSUCC-benign-0153,benign,0,0.23887101,0.2546809,0.2
small,big,big-SYSUCC-benign-0155,benign,0,0.89172727,0.2125871,0.9
small,big,big-SYSUCC-benign-0173,benign,0,0.5156431,0.4293111,0.5
small,big,big-SYSUCC-benign-0178,benign,0,0.39897543,0.42363483,0.4
small,big,big-SYSUCC-benign-0018,benign,0,0.35703433,0.2956768,0.4
small,big,big-SYSUCC-benign-0182,benign,0,0.102458596,0.19392335,0.1
small,big,big-SYSUCC-benign-0185,benign,0,0.6043876,0.34960985,0.6
small,big,big-SYSUCC-benign-0197,benign,0,0.044418894,0.08688945,0.0
small,big,big-SYSUCC-benign-0002,benign,0,0.6027277,0.345578,0.7
small,big,big-SYSUCC-benign-0020,benign,0,0.08836291,0.19514798,0.1
small,big,big-SYSUCC-benign-0204,benign,0,0.01999639,0.035007443,0.0
small,big,big-SYSUCC-benign-0227,benign,0,0.79105914,0.35472786,0.8
small,big,big-SYSUCC-benign-0230,benign,0,0.010821067,0.02529839,0.0
small,big,big-SYSUCC-benign-0235,benign,0,0.0009142519,0.0024692642,0.0
small,big,big-SYSUCC-benign-0237,benign,0,0.008636216,0.016083233,0.0
small,big,big-SYSUCC-benign-0247,benign,0,0.13868877,0.26096663,0.2
small,big,big-SYSUCC-benign-0250,benign,0,0.34939802,0.34650335,0.5
small,big,big-SYSUCC-benign-0251,benign,0,0.024610965,0.048732806,0.0
small,big,big-SYSUCC-benign-0255,benign,0,0.4900817,0.21343544,0.5
small,big,big-SYSUCC-benign-0262,benign,0,0.15995215,0.16191141,0.0
small,big,big-SYSUCC-benign-0271,benign,0,0.76830155,0.30506837,0.8
small,big,big-SYSUCC-benign-0273,benign,0,0.11733575,0.2122605,0.1
small,big,big-SYSUCC-benign-0281,benign,0,0.041065417,0.07689359,0.0
small,big,big-SYSUCC-benign-0282,benign,0,0.18010856,0.23877874,0.1
small,big,big-SYSUCC-benign-0292,benign,0,0.3157439,0.34516203,0.4
small,big,big-SYSUCC-benign-0295,benign,0,0.11968851,0.20225373,0.1
small,big,big-SYSUCC-benign-0300,benign,0,0.15175125,0.21863122,0.1
small,big,big-SYSUCC-benign-0304,benign,0,0.015055652,0.02774319,0.0
small,big,big-SYSUCC-benign-0306,benign,0,0.01614236,0.03111711,0.0
small,big,big-SYSUCC-benign-0307,benign,0,0.021080486,0.026794894,0.0
small,big,big-SYSUCC-benign-0312,benign,0,0.22231254,0.3355055,0.2
small,big,big-SYSUCC-benign-0315,benign,0,0.30693346,0.31398997,0.3
small,big,big-SYSUCC-benign-0323,benign,0,0.2642238,0.2799421,0.2
small,big,big-SYSUCC-benign-0329,benign,0,0.34782648,0.36321023,0.3
small,big,big-SYSUCC-benign-0351,benign,0,0.004009706,0.010527373,0.0
small,big,big-SYSUCC-benign-0361,benign,0,0.43804598,0.37408313,0.3
small,big,big-SYSUCC-benign-0367,benign,0,0.0039868485,0.006400497,0.0
small,big,big-SYSUCC-benign-0376,benign,0,0.8954894,0.11471402,1.0
small,big,big-SYSUCC-benign-0378,benign,0,0.3820284,0.31616908,0.5
small,big,big-SYSUCC-benign-0385,benign,0,0.026515443,0.05396165,0.0
small,big,big-SYSUCC-benign-0041,benign,0,0.58059937,0.3560923,0.6
small,big,big-SYSUCC-benign-0416,benign,0,0.011058886,0.02431671,0.0
small,big,big-SYSUCC-benign-0418,benign,0,0.11734428,0.23592184,0.1
small,big,big-SYSUCC-benign-0042,benign,0,0.2060192,0.34986857,0.2
small,big,big-SYSUCC-benign-0426,benign,0,0.028016951,0.06540143,0.0
small,big,big-SYSUCC-benign-0427,benign,0,0.0048971605,0.013575851,0.0
small,big,big-SYSUCC-benign-0429,benign,0,0.17999463,0.17372465,0.0
small,big,big-SYSUCC-benign-0432,benign,0,0.95818883,0.068882644,1.0
small,big,big-SYSUCC-benign-0005,benign,0,0.07655779,0.10872458,0.0
small,big,big-SYSUCC-benign-0052,benign,0,0.1388572,0.27246058,0.1
small,big,big-SYSUCC-benign-0058,benign,0,0.0012473859,0.0029026961,0.0
small,big,big-SYSUCC-benign-0060,benign,0,0.003283991,0.003964743,0.0
small,big,big-SYSUCC-benign-0062,benign,0,0.2705894,0.29223016,0.2
small,big,big-SYSUCC-benign-0072,benign,0,0.033751424,0.05317765,0.0
small,big,big-SYSUCC-benign-0008,benign,0,0.18928847,0.2886668,0.2
small,big,big-SYSUCC-benign-0097,benign,0,0.874327,0.16147625,1.0
small,big,big-SYSUCC-malignant-0000,malignant,1,0.9714421,0.052690253,0.0
small,big,big-SYSUCC-malignant-0100,malignant,1,0.49336928,0.32784152,0.5
small,big,big-SYSUCC-malignant-1003,malignant,1,0.6266483,0.36272377,0.5
small,big,big-SYSUCC-malignant-1008,malignant,1,0.024562163,0.0460945,1.0
small,big,big-SYSUCC-malignant-1010,malignant,1,0.0013248434,0.0033451195,1.0
small,big,big-SYSUCC-malignant-1019,malignant,1,0.9211116,0.17185944,0.1
small,big,big-SYSUCC-malignant-1023,malignant,1,0.9868081,0.0215047,0.0
small,big,big-SYSUCC-malignant-1035,malignant,1,0.07410304,0.09207421,1.0
small,big,big-SYSUCC-malignant-1040,malignant,1,0.98075104,0.031033896,0.0
small,big,big-SYSUCC-malignant-1044,malignant,1,0.09195292,0.088219635,1.0
small,big,big-SYSUCC-malignant-1058,malignant,1,0.806855,0.3204037,0.2
small,big,big-SYSUCC-malignant-1062,malignant,1,0.0452511,0.105751,1.0
small,big,big-SYSUCC-malignant-1064,malignant,1,0.88368654,0.13410608,0.0
small,big,big-SYSUCC-malignant-1069,malignant,1,0.8170069,0.18370093,0.1
small,big,big-SYSUCC-malignant-1071,malignant,1,0.0032105297,0.008011951,1.0
small,big,big-SYSUCC-malignant-1075,malignant,1,0.029980263,0.08309061,1.0
small,big,big-SYSUCC-malignant-1077,malignant,1,0.022466663,0.04703155,1.0
small,big,big-SYSUCC-malignant-1105,malignant,1,0.3144826,0.36289403,0.7
small,big,big-SYSUCC-malignant-1110,malignant,1,0.9606477,0.09683996,0.0
small,big,big-SYSUCC-malignant-1115,malignant,1,0.6384913,0.27353522,0.3
small,big,big-SYSUCC-malignant-0112,malignant,1,0.49492675,0.35050753,0.6
small,big,big-SYSUCC-malignant-0121,malignant,1,0.8515605,0.17851716,0.1
small,big,big-SYSUCC-malignant-0126,malignant,1,0.21972685,0.17841609,1.0
small,big,big-SYSUCC-malignant-0134,malignant,1,0.06886388,0.1739541,0.9
small,big,big-SYSUCC-malignant-0137,malignant,1,0.01926445,0.055151664,1.0
small,big,big-SYSUCC-malignant-0148,malignant,1,0.007078824,0.016504573,1.0
small,big,big-SYSUCC-malignant-0016,malignant,1,0.60914814,0.35687843,0.3
small,big,big-SYSUCC-malignant-0168,malignant,1,0.71560305,0.32753634,0.2
small,big,big-SYSUCC-malignant-0017,malignant,1,0.045226436,0.09762819,1.0
small,big,big-SYSUCC-malignant-0174,malignant,1,0.04285582,0.05382769,1.0
small,big,big-SYSUCC-malignant-0175,malignant,1,0.0784324,0.099209175,1.0
small,big,big-SYSUCC-malignant-0178,malignant,1,0.12991412,0.12838057,1.0
small,big,big-SYSUCC-malignant-0193,malignant,1,0.062202353,0.13605456,1.0
small,big,big-SYSUCC-malignant-0021,malignant,1,0.011554772,0.02250469,1.0
small,big,big-SYSUCC-malignant-0216,malignant,1,0.6653453,0.27421457,0.3
small,big,big-SYSUCC-malignant-0221,malignant,1,0.25622883,0.26494986,0.7
small,big,big-SYSUCC-malignant-0223,malignant,1,0.1817187,0.17625882,1.0
small,big,big-SYSUCC-malignant-0227,malignant,1,0.6159342,0.32143015,0.5
small,big,big-SYSUCC-malignant-0239,malignant,1,0.040749878,0.08622242,1.0
small,big,big-SYSUCC-malignant-0244,malignant,1,0.60317826,0.32825336,0.4
small,big,big-SYSUCC-malignant-0256,malignant,1,0.0031663023,0.0068284073,1.0
small,big,big-SYSUCC-malignant-0257,malignant,1,0.4721663,0.280948,0.6
small,big,big-SYSUCC-malignant-0267,malignant,1,0.8058518,0.2318506,0.1
small,big,big-SYSUCC-malignant-0270,malignant,1,0.9584323,0.061506167,0.0
small,big,big-SYSUCC-malignant-0284,malignant,1,0.1841954,0.19598104,0.9
small,big,big-SYSUCC-malignant-0285,malignant,1,0.030945132,0.042710718,1.0
small,big,big-SYSUCC-malignant-0296,malignant,1,0.10256326,0.13408028,1.0
small,big,big-SYSUCC-malignant-0298,malignant,1,0.6875852,0.3775256,0.3
small,big,big-SYSUCC-malignant-0003,malignant,1,0.05898667,0.062295284,1.0
small,big,big-SYSUCC-malignant-0303,malignant,1,0.98668957,0.027958382,0.0
small,big,big-SYSUCC-malignant-0318,malignant,1,0.008490163,0.011805653,1.0
small,big,big-SYSUCC-malignant-0320,malignant,1,0.17030239,0.21530674,0.8
small,big,big-SYSUCC-malignant-0033,malignant,1,0.35952222,0.27618444,0.6
small,big,big-SYSUCC-malignant-0336,malignant,1,0.5574308,0.35119563,0.4
small,big,big-SYSUCC-malignant-0338,malignant,1,0.6451018,0.35945812,0.4
small,big,big-SYSUCC-malignant-0343,malignant,1,0.1373675,0.19171646,0.9
small,big,big-SYSUCC-malignant-0350,malignant,1,0.26046067,0.32406893,0.8
small,big,big-SYSUCC-malignant-0362,malignant,1,0.023525065,0.041302055,1.0
small,big,big-SYSUCC-malignant-0364,malignant,1,0.46906143,0.35790056,0.6
small,big,big-SYSUCC-malignant-0376,malignant,1,0.6661755,0.29148138,0.2
small,big,big-SYSUCC-malignant-0038,malignant,1,0.29946688,0.25747013,0.8
small,big,big-SYSUCC-malignant-0380,malignant,1,0.4114427,0.32216004,0.6
small,big,big-SYSUCC-malignant-0384,malignant,1,0.60305506,0.38211486,0.4
small,big,big-SYSUCC-malignant-0396,malignant,1,0.85623056,0.21114503,0.2
small,big,big-SYSUCC-malignant-0406,malignant,1,0.9728993,0.052030586,0.0
small,big,big-SYSUCC-malignant-0429,malignant,1,0.38364786,0.42779168,0.6
small,big,big-SYSUCC-malignant-0438,malignant,1,0.2195166,0.21864669,0.8
small,big,big-SYSUCC-malignant-0441,malignant,1,0.7001287,0.3713458,0.3
small,big,big-SYSUCC-malignant-0445,malignant,1,0.9872136,0.023401344,0.0
small,big,big-SYSUCC-malignant-0449,malignant,1,0.89461356,0.14838615,0.0
small,big,big-SYSUCC-malignant-0450,malignant,1,0.44739515,0.3591382,0.6
small,big,big-SYSUCC-malignant-0453,malignant,1,0.4690199,0.31285903,0.5
small,big,big-SYSUCC-malignant-0455,malignant,1,0.20519915,0.30219716,0.9
small,big,big-SYSUCC-malignant-0457,malignant,1,0.05904775,0.09310238,1.0
small,big,big-SYSUCC-malignant-0458,malignant,1,0.0074021844,0.014498385,1.0
small,big,big-SYSUCC-malignant-0459,malignant,1,0.036075894,0.05797429,1.0
small,big,big-SYSUCC-malignant-0462,malignant,1,0.09029807,0.19794312,0.9
small,big,big-SYSUCC-malignant-0463,malignant,1,0.95971555,0.094785705,0.0
small,big,big-SYSUCC-malignant-0467,malignant,1,0.0053444267,0.012099021,1.0
small,big,big-SYSUCC-malignant-0469,malignant,1,0.0061806617,0.012536622,1.0
small,big,big-SYSUCC-malignant-0471,malignant,1,0.20357406,0.25824234,0.8
small,big,big-SYSUCC-malignant-0477,malignant,1,0.31451342,0.3707852,0.7
small,big,big-SYSUCC-malignant-0482,malignant,1,0.6347248,0.29122338,0.4
small,big,big-SYSUCC-malignant-0504,malignant,1,0.98151064,0.032932136,0.0
small,big,big-SYSUCC-malignant-0512,malignant,1,0.55134976,0.34751502,0.4
small,big,big-SYSUCC-malignant-0513,malignant,1,0.37630585,0.38323706,0.7
small,big,big-SYSUCC-malignant-0517,malignant,1,0.94852906,0.116143815,0.0
small,big,big-SYSUCC-malignant-0526,malignant,1,0.96774846,0.06303609,0.0
small,big,big-SYSUCC-malignant-0538,malignant,1,0.5932378,0.39833534,0.4
small,big,big-SYSUCC-malignant-0054,malignant,1,0.3114738,0.25154054,0.6
small,big,big-SYSUCC-malignant-0540,malignant,1,0.8898228,0.25993213,0.1
small,big,big-SYSUCC-malignant-0545,malignant,1,0.08085416,0.14429866,1.0
small,big,big-SYSUCC-malignant-0552,malignant,1,0.014466251,0.03400805,1.0
small,big,big-SYSUCC-malignant-0564,malignant,1,0.25094277,0.26113757,0.8
small,big,big-SYSUCC-malignant-0057,malignant,1,0.027435776,0.0634931,1.0
small,big,big-SYSUCC-malignant-0570,malignant,1,0.3743065,0.39021096,0.6
small,big,big-SYSUCC-malignant-0572,malignant,1,0.19913073,0.22060162,0.9
small,big,big-SYSUCC-malignant-0577,malignant,1,0.32913563,0.26692453,0.6
small,big,big-SYSUCC-malignant-0590,malignant,1,0.18320101,0.3581976,0.8
small,big,big-SYSUCC-malignant-0603,malignant,1,0.5481704,0.36021283,0.5
small,big,big-SYSUCC-malignant-0614,malignant,1,0.03518362,0.06287699,1.0
small,big,big-SYSUCC-malignant-0615,malignant,1,0.22930837,0.28121918,0.8
small,big,big-SYSUCC-malignant-0644,malignant,1,0.010124795,0.020950995,1.0
small,big,big-SYSUCC-malignant-0649,malignant,1,0.053615462,0.097479075,1.0
small,big,big-SYSUCC-malignant-0066,malignant,1,0.10747741,0.16313706,0.9
small,big,big-SYSUCC-malignant-0661,malignant,1,0.17883934,0.27967784,0.9
small,big,big-SYSUCC-malignant-0677,malignant,1,0.053807456,0.116030395,1.0
small,big,big-SYSUCC-malignant-0678,malignant,1,0.075651124,0.1150581,1.0
small,big,big-SYSUCC-malignant-0681,malignant,1,0.02653813,0.050088,1.0
small,big,big-SYSUCC-malignant-0683,malignant,1,0.041840926,0.08727709,1.0
small,big,big-SYSUCC-malignant-0007,malignant,1,0.55706984,0.36216223,0.4
small,big,big-SYSUCC-malignant-0706,malignant,1,0.9225844,0.08528962,0.0
small,big,big-SYSUCC-malignant-0708,malignant,1,0.84437,0.19324048,0.1
small,big,big-SYSUCC-malignant-0710,malignant,1,0.022906104,0.046124093,1.0
small,big,big-SYSUCC-malignant-0715,malignant,1,0.36059147,0.3952044,0.7
small,big,big-SYSUCC-malignant-0719,malignant,1,0.004709188,0.008272799,1.0
small,big,big-SYSUCC-malignant-0725,malignant,1,0.34762734,0.2364314,0.7
small,big,big-SYSUCC-malignant-0728,malignant,1,0.15300213,0.23831835,0.9
small,big,big-SYSUCC-malignant-0753,malignant,1,0.95416737,0.076188095,0.0
small,big,big-SYSUCC-malignant-0758,malignant,1,0.978514,0.027188055,0.0
small,big,big-SYSUCC-malignant-0764,malignant,1,0.98947734,0.018149292,0.0
small,big,big-SYSUCC-malignant-0766,malignant,1,0.8529774,0.108745724,0.0
small,big,big-SYSUCC-malignant-0770,malignant,1,0.8561119,0.20640558,0.1
small,big,big-SYSUCC-malignant-0773,malignant,1,0.015353212,0.021940716,1.0
small,big,big-SYSUCC-malignant-0078,malignant,1,0.70952785,0.28533354,0.4
small,big,big-SYSUCC-malignant-0782,malignant,1,0.6381103,0.34273887,0.4
small,big,big-SYSUCC-malignant-0784,malignant,1,0.96985644,0.061871026,0.0
small,big,big-SYSUCC-malignant-0786,malignant,1,0.90384066,0.2302692,0.1
small,big,big-SYSUCC-malignant-0795,malignant,1,0.5270391,0.2769728,0.6
small,big,big-SYSUCC-malignant-0804,malignant,1,0.9894577,0.013885036,0.0
small,big,big-SYSUCC-malignant-0809,malignant,1,0.92767966,0.114828385,0.0
small,big,big-SYSUCC-malignant-0815,malignant,1,0.40443498,0.3378771,0.7
small,big,big-SYSUCC-malignant-0822,malignant,1,0.57846946,0.29745528,0.4
small,big,big-SYSUCC-malignant-0828,malignant,1,0.36270034,0.33806852,0.7
small,big,big-SYSUCC-malignant-0831,malignant,1,0.92547846,0.1648248,0.1
small,big,big-SYSUCC-malignant-0835,malignant,1,0.0032434377,0.0064478857,1.0
small,big,big-SYSUCC-malignant-0840,malignant,1,0.9874052,0.017387824,0.0
small,big,big-SYSUCC-malignant-0841,malignant,1,0.9922498,0.012815483,0.0
small,big,big-SYSUCC-malignant-0851,malignant,1,0.5364334,0.3702351,0.5
small,big,big-SYSUCC-malignant-0855,malignant,1,0.80411494,0.2972635,0.2
small,big,big-SYSUCC-malignant-0859,malignant,1,0.09845287,0.22440134,0.9
small,big,big-SYSUCC-malignant-0871,malignant,1,0.07972512,0.20870222,0.9
small,big,big-SYSUCC-malignant-0873,malignant,1,0.31688297,0.31351122,0.6
small,big,big-SYSUCC-malignant-0876,malignant,1,0.90123844,0.100355014,0.0
small,big,big-SYSUCC-malignant-0887,malignant,1,0.9854881,0.02024866,0.0
small,big,big-SYSUCC-malignant-0898,malignant,1,0.4086536,0.34468502,0.7
small,big,big-SYSUCC-malignant-0910,malignant,1,0.03545092,0.071510114,1.0
small,big,big-SYSUCC-malignant-0921,malignant,1,0.00066536653,0.0015430611,1.0
small,big,big-SYSUCC-malignant-0925,malignant,1,0.019601233,0.047320724,1.0
small,big,big-SYSUCC-malignant-0926,malignant,1,0.4153974,0.24901508,0.6
small,big,big-SYSUCC-malignant-0929,malignant,1,0.27755517,0.34693277,0.8
small,big,big-SYSUCC-malignant-0930,malignant,1,0.22265145,0.34717712,0.8
small,big,big-SYSUCC-malignant-0941,malignant,1,0.5233975,0.36577734,0.5
small,big,big-SYSUCC-malignant-0952,malignant,1,0.81796014,0.17916325,0.1
small,big,big-SYSUCC-malignant-0967,malignant,1,0.8464419,0.17212199,0.0
small,big,big-SYSUCC-malignant-0976,malignant,1,0.86437625,0.21468143,0.1
small,big,big-SYSUCC-malignant-0982,malignant,1,0.2861529,0.27877772,0.7
medium,small,small-benign-0002,benign,0,0.1200485,0.08455068,0.0
medium,small,small-benign-0005,benign,0,0.06614786,0.05281551,0.0
medium,small,small-benign-0006,benign,0,0.4228776,0.15407114,0.3
medium,small,small-benign-0015,benign,0,0.09077119,0.04639848,0.0
medium,small,small-benign-0024,benign,0,0.48866588,0.21839413,0.5
medium,small,small-benign-0033,benign,0,0.90703934,0.049021777,1.0
medium,small,small-benign-0041,benign,0,0.38342547,0.17054993,0.2
medium,small,small-benign-0048,benign,0,0.5237619,0.21666202,0.7
medium,small,small-benign-0049,benign,0,0.8938856,0.14452848,0.9
medium,small,small-benign-0053,benign,0,0.6004083,0.15915377,0.5
medium,small,small-benign-0054,benign,0,0.12370513,0.11328393,0.0
medium,small,small-benign-0072,benign,0,0.13805482,0.15006942,0.1
medium,small,small-benign-0080,benign,0,0.77621824,0.16700661,0.9
medium,small,small-benign-0083,benign,0,0.244266,0.16029835,0.1
medium,small,small-benign-0085,benign,0,0.106257364,0.056873582,0.0
medium,small,small-benign-0093,benign,0,0.6062757,0.185825,0.7
medium,small,small-benign-0094,benign,0,0.21135159,0.08958977,0.0
medium,small,small-benign-0109,benign,0,0.1245693,0.10080666,0.0
medium,small,small-benign-0110,benign,0,0.21995811,0.080367744,0.0
medium,small,small-benign-0112,benign,0,0.23400693,0.13790269,0.1
medium,small,small-benign-0116,benign,0,0.30060223,0.119572796,0.0
medium,small,small-benign-0119,benign,0,0.27524966,0.12732707,0.1
medium,small,small-benign-0140,benign,0,0.8461361,0.13616095,0.9
medium,small,small-benign-0150,benign,0,0.07943429,0.027025567,0.0
medium,small,small-benign-0154,benign,0,0.14315668,0.07684157,0.0
medium,small,small-benign-0161,benign,0,0.3590017,0.22400865,0.2
medium,small,small-benign-0184,benign,0,0.03113598,0.026564498,0.0
medium,small,small-benign-0193,benign,0,0.9652766,0.033005014,1.0
medium,small,small-benign-0197,benign,0,0.40803164,0.25010553,0.3
medium,small,small-benign-0214,benign,0,0.042673655,0.0289815,0.0
medium,small,small-benign-0215,benign,0,0.06445131,0.06640658,0.0
medium,small,small-benign-0216,benign,0,0.089187324,0.048571374,0.0
medium,small,small-benign-0224,benign,0,0.39126834,0.11513037,0.2
medium,small,small-benign-0226,benign,0,0.049134064,0.02866167,0.0
medium,small,small-benign-0232,benign,0,0.15805422,0.07170331,0.0
medium,small,small-benign-0242,benign,0,0.1267031,0.06985543,0.0
medium,small,small-benign-0244,benign,0,0.20792487,0.18354756,0.1
medium,small,small-benign-0250,benign,0,0.07668938,0.062706284,0.0
medium,small,small-benign-0255,benign,0,0.53035885,0.17576256,0.7
medium,small,small-benign-0274,benign,0,0.38174927,0.22480911,0.4
medium,small,small-benign-0293,benign,0,0.16579226,0.05647553,0.0
medium,small,small-benign-0295,benign,0,0.1446679,0.09830559,0.0
medium,small,small-benign-0301,benign,0,0.9306427,0.042556774,1.0
medium,small,small-benign-0310,benign,0,0.80131197,0.1425848,0.9
medium,small,small-benign-0318,benign,0,0.19735083,0.11588711,0.0
medium,small,small-benign-0326,benign,0,0.4038067,0.23582144,0.3
medium,small,small-benign-0329,benign,0,0.3021366,0.16346319,0.2
medium,small,small-benign-0339,benign,0,0.93307847,0.05650268,1.0
medium,small,small-benign-0349,benign,0,0.4881882,0.1866472,0.5
medium,small,small-benign-0355,benign,0,0.3390405,0.14054407,0.2
medium,small,small-benign-0360,benign,0,0.17046769,0.07759834,0.0
medium,small,small-benign-0370,benign,0,0.5744689,0.14186291,0.8
medium,small,small-benign-0379,benign,0,0.0372412,0.02555452,0.0
medium,small,small-benign-0403,benign,0,0.26282176,0.091921076,0.0
medium,small,small-benign-0407,benign,0,0.8843975,0.08670083,1.0
medium,small,small-benign-0408,benign,0,0.1697736,0.07244573,0.0
medium,small,small-benign-0409,benign,0,0.87047255,0.06434972,1.0
medium,small,small-benign-0416,benign,0,0.24168997,0.123565696,0.0
medium,small,small-benign-0425,benign,0,0.4009393,0.18382818,0.3
medium,small,small-benign-0429,benign,0,0.030952934,0.023115607,0.0
medium,small,small-benign-0431,benign,0,0.17277215,0.13347286,0.0
medium,small,small-malignant-0007,malignant,1,0.5406798,0.15996107,0.6
medium,small,small-malignant-0008,malignant,1,0.5751616,0.15568489,0.4
medium,small,small-malignant-0021,malignant,1,0.12822512,0.08662432,1.0
medium,small,small-malignant-0026,malignant,1,0.3078039,0.114641815,1.0
medium,small,small-malignant-0042,malignant,1,0.9116642,0.0474484,0.0
medium,small,small-malignant-0043,malignant,1,0.7251108,0.13438058,0.0
medium,small,small-malignant-0054,malignant,1,0.38900906,0.11299064,0.8
medium,small,small-malignant-0066,malignant,1,0.22457674,0.069146305,1.0
medium,small,small-malignant-0081,malignant,1,0.075796574,0.037375987,1.0
medium,small,small-malignant-0083,malignant,1,0.43499342,0.16698445,0.6
medium,small,small-malignant-0087,malignant,1,0.09437595,0.06263207,1.0
medium,small,small-malignant-0090,malignant,1,0.93291646,0.07179536,0.0
medium,small,small-malignant-0094,malignant,1,0.5788037,0.1531096,0.2
medium,small,small-malignant-0095,malignant,1,0.93171597,0.044072237,0.0
medium,small,small-malignant-0114,malignant,1,0.9330996,0.040261358,0.0
medium,small,small-malignant-0141,malignant,1,0.12013427,0.05164293,1.0
medium,small,small-malignant-0144,malignant,1,0.9550204,0.038158376,0.0
medium,small,small-malignant-0147,malignant,1,0.722491,0.08296911,0.0
medium,small,small-malignant-0149,malignant,1,0.5566734,0.1147167,0.4
medium,small,small-malignant-0152,malignant,1,0.78100383,0.14983194,0.1
medium,small,small-malignant-0154,malignant,1,0.5056584,0.19818665,0.4
medium,small,small-malignant-0155,malignant,1,0.92140657,0.05931806,0.0
medium,small,small-malignant-0164,malignant,1,0.9120102,0.060721014,0.0
medium,small,small-malignant-0167,malignant,1,0.089159854,0.05796598,1.0
medium,small,small-malignant-0173,malignant,1,0.51471955,0.1062291,0.5
medium,small,small-malignant-0174,malignant,1,0.16572878,0.0629894,1.0
medium,small,small-malignant-0175,malignant,1,0.7849401,0.12918735,0.1
medium,small,small-malignant-0183,malignant,1,0.9622801,0.028393112,0.0
medium,small,small-malignant-0192,malignant,1,0.6982073,0.18571927,0.2
medium,small,small-malignant-0198,malignant,1,0.32749993,0.12724271,0.8
medium,small,small-malignant-0200,malignant,1,0.104844704,0.073664606,1.0
medium,medium,medium-bus_0004-l,benign,0,0.17986602,0.120409675,0.0
medium,medium,medium-bus_0004-r,benign,0,0.29569036,0.058151722,0.0
medium,medium,medium-bus_0011-l,benign,0,0.40350643,0.12771544,0.3
medium,medium,medium-bus_0011-r,benign,0,0.41483626,0.1463523,0.4
medium,medium,medium-bus_0016-l,malignant,1,0.93468124,0.024827093,0.0
medium,medium,medium-bus_0016-r,malignant,1,0.9075087,0.042738803,0.0
medium,medium,medium-bus_0017-s,malignant,1,0.31260473,0.095691346,1.0
medium,medium,medium-bus_0018-s,malignant,1,0.39496675,0.21913259,0.8
medium,medium,medium-bus_0025-l,benign,0,0.20568721,0.09048611,0.0
medium,medium,medium-bus_0025-r,benign,0,0.2086964,0.13112693,0.0
medium,medium,medium-bus_0027-l,malignant,1,0.7226159,0.16122653,0.1
medium,medium,medium-bus_0027-r,malignant,1,0.9431551,0.027952658,0.0
medium,medium,medium-bus_0033-l,benign,0,0.11584009,0.049690463,0.0
medium,medium,medium-bus_0033-r,benign,0,0.20196398,0.08081806,0.0
medium,medium,medium-bus_0035-l,benign,0,0.24747507,0.13961855,0.0
medium,medium,medium-bus_0035-r,benign,0,0.45837507,0.18770741,0.5
medium,medium,medium-bus_0041-l,malignant,1,0.5606452,0.100807734,0.3
medium,medium,medium-bus_0041-r,malignant,1,0.6728369,0.13321547,0.2
medium,medium,medium-bus_0043-s,malignant,1,0.92282945,0.069189355,0.0
medium,medium,medium-bus_0044-l,benign,0,0.23414274,0.12959158,0.0
medium,medium,medium-bus_0044-r,benign,0,0.11446939,0.06289842,0.0
medium,medium,medium-bus_0049-l,malignant,1,0.52063096,0.15875296,0.5
medium,medium,medium-bus_0049-r,malignant,1,0.8466965,0.06284753,0.0
medium,medium,medium-bus_0069-l,benign,0,0.65494853,0.113386475,0.9
medium,medium,medium-bus_0069-r,benign,0,0.6996801,0.06719283,1.0
medium,medium,medium-bus_0077-s,malignant,1,0.5536652,0.13959678,0.5
medium,medium,medium-bus_0078-s,malignant,1,0.74816406,0.087524705,0.0
medium,medium,medium-bus_0082-s,benign,0,0.5433413,0.18193433,0.4
medium,medium,medium-bus_0089-s,malignant,1,0.7426978,0.13173534,0.0
medium,medium,medium-bus_0091-l,benign,0,0.5035335,0.17305526,0.5
medium,medium,medium-bus_0091-r,benign,0,0.6010827,0.09779791,0.8
medium,medium,medium-bus_0096-s,benign,0,0.4998982,0.19668216,0.7
medium,medium,medium-bus_0099-l,benign,0,0.7716921,0.14717269,0.9
medium,medium,medium-bus_0099-r,benign,0,0.809981,0.07720684,1.0
medium,medium,medium-bus_0113-s,benign,0,0.2260367,0.08734997,0.0
medium,medium,medium-bus_0121-s,benign,0,0.08770849,0.04451272,0.0
medium,medium,medium-bus_0137-l,benign,0,0.11741606,0.061430056,0.0
medium,medium,medium-bus_0137-r,benign,0,0.24176905,0.1682655,0.1
medium,medium,medium-bus_0147-l,benign,0,0.4181342,0.1431379,0.3
medium,medium,medium-bus_0147-r,benign,0,0.41674486,0.1551434,0.4
medium,medium,medium-bus_0148-l,benign,0,0.38023096,0.18075685,0.3
medium,medium,medium-bus_0148-r,benign,0,0.56127834,0.12957135,0.7
medium,medium,medium-bus_0172-l,benign,0,0.048502713,0.042542398,0.0
medium,medium,medium-bus_0172-r,benign,0,0.09543204,0.057625078,0.0
medium,medium,medium-bus_0177-l,benign,0,0.078172304,0.045994926,0.0
medium,medium,medium-bus_0177-r,benign,0,0.0521803,0.03369324,0.0
medium,medium,medium-bus_0181-s,benign,0,0.81772625,0.07657348,1.0
medium,medium,medium-bus_0190-l,malignant,1,0.2570493,0.105195835,1.0
medium,medium,medium-bus_0190-r,malignant,1,0.5953593,0.11941972,0.2
medium,medium,medium-bus_0200-s,benign,0,0.3499081,0.16653137,0.3
medium,medium,medium-bus_0204-l,benign,0,0.05696156,0.046183553,0.0
medium,medium,medium-bus_0204-r,benign,0,0.29846817,0.10421201,0.0
medium,medium,medium-bus_0211-l,benign,0,0.7295859,0.10847484,1.0
medium,medium,medium-bus_0211-r,benign,0,0.5360925,0.16260724,0.6
medium,medium,medium-bus_0214-l,benign,0,0.14500642,0.060926173,0.0
medium,medium,medium-bus_0214-r,benign,0,0.74519044,0.10509109,0.9
medium,medium,medium-bus_0215-l,benign,0,0.26316255,0.099532746,0.0
medium,medium,medium-bus_0215-r,benign,0,0.67335224,0.15007284,0.9
medium,medium,medium-bus_0223-l,benign,0,0.30157176,0.15127608,0.1
medium,medium,medium-bus_0223-r,benign,0,0.76412046,0.07743042,1.0
medium,medium,medium-bus_0233-s,malignant,1,0.8918859,0.04096784,0.0
medium,medium,medium-bus_0247-l,malignant,1,0.805585,0.07112233,0.0
medium,medium,medium-bus_0247-r,malignant,1,0.47526503,0.11928051,0.4
medium,medium,medium-bus_0252-l,benign,0,0.1796326,0.107594594,0.0
medium,medium,medium-bus_0252-r,benign,0,0.42201418,0.15846792,0.2
medium,medium,medium-bus_0264-l,malignant,1,0.6417674,0.11207547,0.2
medium,medium,medium-bus_0264-r,malignant,1,0.45162854,0.1436557,0.7
medium,medium,medium-bus_0265-s,malignant,1,0.13724175,0.07306577,1.0
medium,medium,medium-bus_0270-l,benign,0,0.92548436,0.047346413,1.0
medium,medium,medium-bus_0270-r,benign,0,0.8153502,0.04822192,1.0
medium,medium,medium-bus_0276-l,benign,0,0.12609386,0.0754647,0.0
medium,medium,medium-bus_0276-r,benign,0,0.16904834,0.083440304,0.0
medium,medium,medium-bus_0277-l,benign,0,0.49265996,0.17555685,0.5
medium,medium,medium-bus_0277-r,benign,0,0.25945988,0.1228005,0.1
medium,medium,medium-bus_0282-l,benign,0,0.5714556,0.16599192,0.5
medium,medium,medium-bus_0282-r,benign,0,0.1874474,0.113942266,0.0
medium,medium,medium-bus_0292-l,benign,0,0.038691174,0.030754931,0.0
medium,medium,medium-bus_0292-r,benign,0,0.090812474,0.06268513,0.0
medium,medium,medium-bus_0293-s,benign,0,0.08510153,0.090009175,0.0
medium,medium,medium-bus_0295-l,benign,0,0.034929655,0.03520853,0.0
medium,medium,medium-bus_0295-r,benign,0,0.03903976,0.037096452,0.0
medium,medium,medium-bus_0305-l,benign,0,0.1497445,0.13663988,0.0
medium,medium,medium-bus_0305-r,benign,0,0.11148973,0.06400706,0.0
medium,medium,medium-bus_0312-s,benign,0,0.3109835,0.21187627,0.2
medium,medium,medium-bus_0321-s,malignant,1,0.4911979,0.24846984,0.6
medium,medium,medium-bus_0324-s,malignant,1,0.5800885,0.20481224,0.4
medium,medium,medium-bus_0336-s,malignant,1,0.619156,0.25279924,0.4
medium,medium,medium-bus_0342-l,malignant,1,0.9601676,0.02173972,0.0
medium,medium,medium-bus_0342-r,malignant,1,0.8919172,0.042984165,0.0
medium,medium,medium-bus_0343-l,malignant,1,0.66621166,0.18930857,0.2
medium,medium,medium-bus_0343-r,malignant,1,0.7457502,0.062038813,0.0
medium,medium,medium-bus_0358-l,benign,0,0.19794798,0.16757113,0.1
medium,medium,medium-bus_0358-r,benign,0,0.23974557,0.09750571,0.0
medium,medium,medium-bus_0361-l,benign,0,0.080138184,0.061347973,0.0
medium,medium,medium-bus_0361-r,benign,0,0.25031644,0.15847881,0.0
medium,medium,medium-bus_0363-l,benign,0,0.37443694,0.24408619,0.2
medium,medium,medium-bus_0363-r,benign,0,0.055631924,0.0627265,0.0
medium,medium,medium-bus_0365-l,benign,0,0.025870513,0.01864211,0.0
medium,medium,medium-bus_0365-r,benign,0,0.048630692,0.034711666,0.0
medium,medium,medium-bus_0376-l,benign,0,0.19100958,0.15672791,0.1
medium,medium,medium-bus_0376-r,benign,0,0.0851786,0.08123687,0.0
medium,medium,medium-bus_0383-l,benign,0,0.20258549,0.09732587,0.0
medium,medium,medium-bus_0383-r,benign,0,0.24600711,0.1156638,0.0
medium,medium,medium-bus_0398-l,benign,0,0.50664204,0.18186468,0.5
medium,medium,medium-bus_0398-r,benign,0,0.15508278,0.09864734,0.0
medium,medium,medium-bus_0406-l,malignant,1,0.93691427,0.046545986,0.0
medium,medium,medium-bus_0406-r,malignant,1,0.73994195,0.14662702,0.1
medium,medium,medium-bus_0411-l,malignant,1,0.80310094,0.106095135,0.0
medium,medium,medium-bus_0411-r,malignant,1,0.8017257,0.10449988,0.0
medium,medium,medium-bus_0413-l,malignant,1,0.26641098,0.23988903,0.8
medium,medium,medium-bus_0413-r,malignant,1,0.006807017,0.009732943,1.0
medium,medium,medium-bus_0414-l,malignant,1,0.06730308,0.06858443,1.0
medium,medium,medium-bus_0414-r,malignant,1,0.29105526,0.21691681,0.8
medium,medium,medium-bus_0420-l,benign,0,0.75205135,0.1250326,1.0
medium,medium,medium-bus_0420-r,benign,0,0.43671077,0.29839534,0.4
medium,medium,medium-bus_0422-l,benign,0,0.56890196,0.2834818,0.8
medium,medium,medium-bus_0422-r,benign,0,0.8778809,0.13889085,1.0
medium,medium,medium-bus_0423-l,benign,0,0.07502464,0.06467192,0.0
medium,medium,medium-bus_0423-r,benign,0,0.037255395,0.056016263,0.0
medium,medium,medium-bus_0430-l,benign,0,0.34337014,0.16685252,0.3
medium,medium,medium-bus_0430-r,benign,0,0.04569661,0.04322107,0.0
medium,medium,medium-bus_0432-l,malignant,1,0.5213205,0.21379751,0.4
medium,medium,medium-bus_0432-r,malignant,1,0.16603816,0.15417011,1.0
medium,medium,medium-bus_0433-l,benign,0,0.022363786,0.024755633,0.0
medium,medium,medium-bus_0433-r,benign,0,0.03844908,0.040275738,0.0
medium,medium,medium-bus_0438-l,benign,0,0.13276032,0.10049784,0.0
medium,medium,medium-bus_0438-r,benign,0,0.12364088,0.09803159,0.0
medium,medium,medium-bus_0461-l,malignant,1,0.106199935,0.05666201,1.0
medium,medium,medium-bus_0461-r,malignant,1,0.06442203,0.047683883,1.0
medium,medium,medium-bus_0471-l,malignant,1,0.5679693,0.23817001,0.4
medium,medium,medium-bus_0471-r,malignant,1,0.19164157,0.10070781,1.0
medium,medium,medium-bus_0479-l,benign,0,0.15735836,0.1658938,0.1
medium,medium,medium-bus_0479-r,benign,0,0.08578804,0.07719475,0.0
medium,medium,medium-bus_0491-l,benign,0,0.050320525,0.0321555,0.0
medium,medium,medium-bus_0491-r,benign,0,0.08962036,0.06058656,0.0
medium,medium,medium-bus_0504-l,benign,0,0.013757172,0.01418223,0.0
medium,medium,medium-bus_0504-r,benign,0,0.017481443,0.013926079,0.0
medium,medium,medium-bus_0505-l,benign,0,0.4452513,0.12873067,0.4
medium,medium,medium-bus_0505-r,benign,0,0.80137503,0.122708514,1.0
medium,medium,medium-bus_0506-l,benign,0,0.49570101,0.21977484,0.5
medium,medium,medium-bus_0506-r,benign,0,0.4928437,0.2415742,0.5
medium,medium,medium-bus_0511-l,benign,0,0.053007472,0.035292856,0.0
medium,medium,medium-bus_0511-r,benign,0,0.18399186,0.09701659,0.0
medium,medium,medium-bus_0513-l,benign,0,0.5896735,0.16246203,0.7
medium,medium,medium-bus_0513-r,benign,0,0.23211852,0.08540592,0.0
medium,medium,medium-bus_0518-l,benign,0,0.34652224,0.19445483,0.3
medium,medium,medium-bus_0518-r,benign,0,0.3119527,0.18700162,0.1
medium,medium,medium-bus_0521-l,benign,0,0.2067816,0.14697418,0.0
medium,medium,medium-bus_0521-r,benign,0,0.14506632,0.10328135,0.0
medium,medium,medium-bus_0522-l,benign,0,0.04089127,0.03674658,0.0
medium,medium,medium-bus_0522-r,benign,0,0.30701396,0.26970905,0.3
medium,medium,medium-bus_0523-l,benign,0,0.010299965,0.008035938,0.0
medium,medium,medium-bus_0523-r,benign,0,0.017291097,0.013092822,0.0
medium,medium,medium-bus_0528-l,benign,0,0.029765338,0.02659628,0.0
medium,medium,medium-bus_0528-r,benign,0,0.45678753,0.2557699,0.6
medium,medium,medium-bus_0556-l,benign,0,0.025790785,0.021188337,0.0
medium,medium,medium-bus_0556-r,benign,0,0.019567948,0.014139136,0.0
medium,medium,medium-bus_0568-l,malignant,1,0.33246952,0.18074805,0.8
medium,medium,medium-bus_0568-r,malignant,1,0.39387596,0.20027302,0.7
medium,medium,medium-bus_0585-l,malignant,1,0.057279855,0.03545063,1.0
medium,medium,medium-bus_0585-r,malignant,1,0.12923698,0.07539166,1.0
medium,medium,medium-bus_0622-l,malignant,1,0.72908795,0.13383639,0.1
medium,medium,medium-bus_0622-r,malignant,1,0.55128,0.21501741,0.4
medium,medium,medium-bus_0630-l,malignant,1,0.20854346,0.10207103,1.0
medium,medium,medium-bus_0630-r,malignant,1,0.3035159,0.112449735,0.9
medium,medium,medium-bus_0644-l,malignant,1,0.6599046,0.1449956,0.1
medium,medium,medium-bus_0644-r,malignant,1,0.70460427,0.20496549,0.2
medium,medium,medium-bus_0650-l,malignant,1,0.2313087,0.1630358,0.9
medium,medium,medium-bus_0650-r,malignant,1,0.7413787,0.14853343,0.1
medium,medium,medium-bus_0670-l,benign,0,0.02614676,0.019066134,0.0
medium,medium,medium-bus_0670-r,benign,0,0.029927388,0.0328755,0.0
medium,medium,medium-bus_0676-s,malignant,1,0.83941907,0.12015769,0.0
medium,medium,medium-bus_0678-s,benign,0,0.67596984,0.23840696,0.7
medium,medium,medium-bus_0679-s,benign,0,0.13938992,0.13907732,0.0
medium,medium,medium-bus_0681-s,benign,0,0.38749865,0.2442199,0.4
medium,medium,medium-bus_0684-s,benign,0,0.12712702,0.13329244,0.0
medium,medium,medium-bus_0695-l,benign,0,0.10328479,0.07014812,0.0
medium,medium,medium-bus_0695-r,benign,0,0.36775863,0.20145558,0.3
medium,medium,medium-bus_0701-s,benign,0,0.58885324,0.22559562,0.5
medium,medium,medium-bus_0705-s,malignant,1,0.17188957,0.16290301,0.9
medium,medium,medium-bus_0707-s,benign,0,0.44110233,0.21721645,0.5
medium,medium,medium-bus_0711-s,benign,0,0.66767925,0.26575455,0.8
medium,medium,medium-bus_0715-s,malignant,1,0.17845848,0.12793168,0.9
medium,medium,medium-bus_0724-s,benign,0,0.10353494,0.11103177,0.0
medium,medium,medium-bus_0737-s,benign,0,0.069882646,0.052864112,0.0
medium,medium,medium-bus_0738-s,benign,0,0.06534316,0.04661494,0.0
medium,medium,medium-bus_0739-s,benign,0,0.0582592,0.039853532,0.0
medium,medium,medium-bus_0741-s,benign,0,0.0925744,0.065265395,0.0
medium,medium,medium-bus_0749-s,benign,0,0.67534053,0.13909116,0.9
medium,medium,medium-bus_0750-s,benign,0,0.68826526,0.27791172,0.7
medium,medium,medium-bus_0751-s,benign,0,0.041046426,0.029238887,0.0
medium,medium,medium-bus_0754-s,malignant,1,0.93978167,0.040572878,0.0
medium,medium,medium-bus_0757-s,benign,0,0.30432105,0.07591396,0.0
medium,medium,medium-bus_0759-s,benign,0,0.62975276,0.16268192,0.9
medium,medium,medium-bus_0760-s,benign,0,0.15515666,0.07866437,0.0
medium,medium,medium-bus_0763-s,benign,0,0.13521652,0.12279484,0.0
medium,medium,medium-bus_0765-s,benign,0,0.079699054,0.0406027,0.0
medium,medium,medium-bus_0767-s,malignant,1,0.86961764,0.11019119,0.0
medium,medium,medium-bus_0769-s,benign,0,0.63990235,0.17728683,0.8
medium,medium,medium-bus_0771-s,benign,0,0.15846996,0.121361904,0.0
medium,medium,medium-bus_0772-s,benign,0,0.4058269,0.22047965,0.5
medium,medium,medium-bus_0775-s,benign,0,0.86066645,0.07713154,1.0
medium,medium,medium-bus_0777-s,benign,0,0.4619015,0.16191429,0.4
medium,medium,medium-bus_0780-s,benign,0,0.05654364,0.03124056,0.0
medium,medium,medium-bus_0781-s,benign,0,0.19928057,0.09804758,0.0
medium,medium,medium-bus_0782-s,benign,0,0.23832254,0.12327499,0.1
medium,medium,medium-bus_0784-s,benign,0,0.16397318,0.20614631,0.1
medium,medium,medium-bus_0792-s,benign,0,0.18072823,0.10955077,0.0
medium,medium,medium-bus_0795-s,malignant,1,0.31766337,0.19044985,0.7
medium,medium,medium-bus_0796-s,benign,0,0.27862182,0.23389544,0.2
medium,medium,medium-bus_0798-s,benign,0,0.1647894,0.11958528,0.0
medium,medium,medium-bus_0804-s,benign,0,0.86057603,0.10512209,1.0
medium,medium,medium-bus_0805-s,benign,0,0.5268506,0.21484128,0.5
medium,medium,medium-bus_0806-s,benign,0,0.32503122,0.2726752,0.3
medium,medium,medium-bus_0810-s,malignant,1,0.9056097,0.061442163,0.0
medium,medium,medium-bus_0817-s,benign,0,0.50385284,0.239015,0.5
medium,medium,medium-bus_0822-s,benign,0,0.6827413,0.17886475,0.8
medium,medium,medium-bus_0823-s,benign,0,0.28029504,0.13656674,0.0
medium,medium,medium-bus_0826-s,benign,0,0.58850336,0.20638782,0.6
medium,medium,medium-bus_0830-s,benign,0,0.8408499,0.09570113,1.0
medium,medium,medium-bus_0831-s,malignant,1,0.97325194,0.015997142,0.0
medium,medium,medium-bus_0832-s,malignant,1,0.892351,0.040574685,0.0
medium,medium,medium-bus_0834-s,benign,0,0.7156064,0.17303038,0.9
medium,medium,medium-bus_0836-s,benign,0,0.42443997,0.13479377,0.4
medium,medium,medium-bus_0837-s,benign,0,0.5954224,0.22774588,0.6
medium,medium,medium-bus_0840-s,benign,0,0.4820229,0.1858743,0.6
medium,medium,medium-bus_0846-s,benign,0,0.034522537,0.024523875,0.0
medium,medium,medium-bus_0851-s,benign,0,0.88502485,0.06910723,1.0
medium,medium,medium-bus_0882-l,benign,0,0.057156116,0.038155906,0.0
medium,medium,medium-bus_0882-r,benign,0,0.09069897,0.05620731,0.0
medium,medium,medium-bus_0884-l,benign,0,0.3554863,0.15127924,0.2
medium,medium,medium-bus_0884-r,benign,0,0.13251945,0.0371752,0.0
medium,medium,medium-bus_0894-s,benign,0,0.29199874,0.13272996,0.1
medium,medium,medium-bus_0897-l,benign,0,0.19502446,0.07058937,0.0
medium,medium,medium-bus_0897-r,benign,0,0.11137952,0.032098707,0.0
medium,medium,medium-bus_0905-l,benign,0,0.5621112,0.14026691,0.7
medium,medium,medium-bus_0905-r,benign,0,0.45962638,0.11218855,0.4
medium,medium,medium-bus_0935-l,malignant,1,0.48708254,0.20853737,0.6
medium,medium,medium-bus_0935-r,malignant,1,0.88123494,0.047744796,0.0
medium,medium,medium-bus_0937-l,malignant,1,0.9218329,0.03769413,0.0
medium,medium,medium-bus_0937-r,malignant,1,0.86988354,0.038585357,0.0
medium,medium,medium-bus_0939-s,malignant,1,0.66935843,0.15292975,0.2
medium,medium,medium-bus_0940-s,malignant,1,0.79628086,0.10856574,0.0
medium,medium,medium-bus_0944-l,malignant,1,0.57195663,0.20206438,0.2
medium,medium,medium-bus_0944-r,malignant,1,0.61520994,0.16860911,0.3
medium,medium,medium-bus_0948-l,malignant,1,0.6740548,0.13212094,0.2
medium,medium,medium-bus_0948-r,malignant,1,0.8225765,0.0312506,0.0
medium,medium,medium-bus_0957-s,benign,0,0.6278044,0.14155416,0.8
medium,medium,medium-bus_0968-l,benign,0,0.38607115,0.14353812,0.2
medium,medium,medium-bus_0968-r,benign,0,0.51642096,0.13993642,0.5
medium,medium,medium-bus_0972-s,malignant,1,0.13096651,0.058614384,1.0
medium,medium,medium-bus_0978-l,malignant,1,0.7585143,0.102887765,0.0
medium,medium,medium-bus_0978-r,malignant,1,0.600948,0.092587166,0.1
medium,medium,medium-bus_0981-l,malignant,1,0.4179423,0.15491255,0.6
medium,medium,medium-bus_0981-r,malignant,1,0.48483023,0.1673988,0.6
medium,medium,medium-bus_0984-l,malignant,1,0.8294751,0.054820944,0.0
medium,medium,medium-bus_0984-r,malignant,1,0.90877694,0.039689038,0.0
medium,medium,medium-bus_0995-l,benign,0,0.3053531,0.19664398,0.2
medium,medium,medium-bus_0995-r,benign,0,0.3679099,0.15712675,0.2
medium,medium,medium-bus_0997-l,benign,0,0.34288034,0.17998143,0.2
medium,medium,medium-bus_0997-r,benign,0,0.30728537,0.12895474,0.1
medium,medium,medium-bus_0998-s,malignant,1,0.7366636,0.110902384,0.0
medium,medium,medium-bus_1003-l,benign,0,0.21583533,0.092345335,0.0
medium,medium,medium-bus_1003-r,benign,0,0.53656834,0.15701348,0.6
medium,medium,medium-bus_1004-l,malignant,1,0.5479785,0.2074851,0.3
medium,medium,medium-bus_1004-r,malignant,1,0.4389903,0.19946441,0.5
medium,medium,medium-bus_1005-s,benign,0,0.46632963,0.19945121,0.4
medium,medium,medium-bus_1015-s,benign,0,0.7484999,0.1294685,0.9
medium,medium,medium-bus_1021-l,benign,0,0.26462987,0.10426009,0.0
medium,medium,medium-bus_1021-r,benign,0,0.1413445,0.06026189,0.0
medium,medium,medium-bus_1033-l,malignant,1,0.8593111,0.048412696,0.0
medium,medium,medium-bus_1033-r,malignant,1,0.6878045,0.10898506,0.0
medium,medium,medium-bus_1039-l,malignant,1,0.92329454,0.036252555,0.0
medium,medium,medium-bus_1039-r,malignant,1,0.9553477,0.018213855,0.0
medium,medium,medium-bus_1046-l,malignant,1,0.45092636,0.09207856,0.7
medium,medium,medium-bus_1046-r,malignant,1,0.39772314,0.1260132,0.7
medium,medium,medium-bus_1049-l,benign,0,0.36257645,0.118848115,0.2
medium,medium,medium-bus_1049-r,benign,0,0.6568192,0.13845967,0.9
medium,medium,medium-bus_1054-l,benign,0,0.36407128,0.18478087,0.3
medium,medium,medium-bus_1054-r,benign,0,0.6594407,0.16892429,0.8
medium,medium,medium-bus_1060-s,malignant,1,0.8898283,0.0646444,0.0
medium,big,big-GDPH-benign-0444,benign,0,0.088995054,0.054508056,0.0
medium,big,big-GDPH-benign-0460,benign,0,0.4973196,0.18764775,0.5
medium,big,big-GDPH-benign-0465,benign,0,0.13738938,0.082294494,0.0
medium,big,big-GDPH-benign-0471,benign,0,0.61823845,0.21579772,0.8
medium,big,big-GDPH-benign-0484,benign,0,0.15290494,0.0971484,0.0
medium,big,big-GDPH-benign-0497,benign,0,0.28719595,0.13084134,0.1
medium,big,big-GDPH-benign-0503,benign,0,0.10666104,0.059347842,0.0
medium,big,big-GDPH-benign-0508,benign,0,0.47583264,0.14279339,0.6
medium,big,big-GDPH-benign-0512,benign,0,0.3944797,0.12354932,0.2
medium,big,big-GDPH-benign-0514,benign,0,0.3056969,0.1312827,0.2
medium,big,big-GDPH-benign-0522,benign,0,0.33419496,0.09037846,0.1
medium,big,big-GDPH-benign-0523,benign,0,0.2967394,0.087857716,0.0
medium,big,big-GDPH-benign-0524,benign,0,0.45816213,0.14816858,0.4
medium,big,big-GDPH-benign-0526,benign,0,0.2508069,0.075966686,0.0
medium,big,big-GDPH-benign-0528,benign,0,0.16369478,0.07655022,0.0
medium,big,big-GDPH-benign-0569,benign,0,0.23564622,0.065561354,0.0
medium,big,big-GDPH-benign-0575,benign,0,0.2439874,0.086551234,0.0
medium,big,big-GDPH-benign-0581,benign,0,0.5265754,0.12730666,0.6
medium,big,big-GDPH-benign-0586,benign,0,0.63215226,0.15173271,0.8
medium,big,big-GDPH-benign-0589,benign,0,0.15187559,0.07300607,0.0
medium,big,big-GDPH-benign-0592,benign,0,0.45185766,0.1420913,0.6
medium,big,big-GDPH-benign-0597,benign,0,0.5462533,0.17234473,0.7
medium,big,big-GDPH-benign-0598,benign,0,0.37185684,0.17725636,0.3
medium,big,big-GDPH-benign-0613,benign,0,0.54049516,0.117761105,0.7
medium,big,big-GDPH-benign-0633,benign,0,0.28592247,0.17924139,0.2
medium,big,big-GDPH-benign-0640,benign,0,0.40173942,0.15672073,0.3
medium,big,big-GDPH-benign-0643,benign,0,0.30702388,0.092326716,0.0
medium,big,big-GDPH-benign-0668,benign,0,0.06480948,0.07630473,0.0
medium,big,big-GDPH-benign-0669,benign,0,0.072504655,0.044184998,0.0
medium,big,big-GDPH-benign-0671,benign,0,0.19982438,0.10405642,0.0
medium,big,big-GDPH-benign-0673,benign,0,0.5361088,0.258076,0.5
medium,big,big-GDPH-benign-0678,benign,0,0.15405747,0.097309835,0.0
medium,big,big-GDPH-benign-0679,benign,0,0.17785034,0.1535048,0.1
medium,big,big-GDPH-benign-0682,benign,0,0.2196832,0.12532152,0.0
medium,big,big-GDPH-benign-0690,benign,0,0.62504613,0.18824801,0.7
medium,big,big-GDPH-benign-0692,benign,0,0.08944193,0.04983968,0.0
medium,big,big-GDPH-benign-0730,benign,0,0.637843,0.060014684,1.0
medium,big,big-GDPH-benign-0741,benign,0,0.05450513,0.04474719,0.0
medium,big,big-GDPH-benign-0746,benign,0,0.3599506,0.22394219,0.2
medium,big,big-GDPH-benign-0751,benign,0,0.2224193,0.098844685,0.0
medium,big,big-GDPH-benign-0767,benign,0,0.08435278,0.054757573,0.0
medium,big,big-GDPH-benign-0774,benign,0,0.052888155,0.025525808,0.0
medium,big,big-GDPH-benign-0777,benign,0,0.089564696,0.050183356,0.0
medium,big,big-GDPH-benign-0789,benign,0,0.029229507,0.022899203,0.0
medium,big,big-GDPH-benign-0798,benign,0,0.21690655,0.118912205,0.0
medium,big,big-GDPH-benign-0800,benign,0,0.05722204,0.046859745,0.0
medium,big,big-GDPH-benign-0802,benign,0,0.13655166,0.10648684,0.0
medium,big,big-GDPH-benign-0816,benign,0,0.30648014,0.13873884,0.2
medium,big,big-GDPH-benign-0821,benign,0,0.699086,0.23459817,0.8
medium,big,big-GDPH-benign-0823,benign,0,0.41779286,0.24007052,0.4
medium,big,big-GDPH-benign-0824,benign,0,0.21255414,0.13863724,0.0
medium,big,big-GDPH-benign-0827,benign,0,0.9054844,0.042134315,1.0
medium,big,big-GDPH-benign-0834,benign,0,0.046381764,0.04204264,0.0
medium,big,big-GDPH-benign-0836,benign,0,0.106385946,0.08644412,0.0
medium,big,big-GDPH-benign-0844,benign,0,0.6340934,0.17890212,0.7
medium,big,big-GDPH-benign-0847,benign,0,0.019283945,0.018573206,0.0
medium,big,big-GDPH-benign-0852,benign,0,0.12366174,0.13213567,0.0
medium,big,big-GDPH-benign-0856,benign,0,0.42453948,0.19058926,0.4
medium,big,big-GDPH-benign-0859,benign,0,0.2682124,0.13272075,0.1
medium,big,big-GDPH-benign-0860,benign,0,0.08628254,0.06699691,0.0
medium,big,big-GDPH-benign-0861,benign,0,0.043213837,0.02431528,0.0
medium,big,big-GDPH-benign-0877,benign,0,0.34725243,0.19878885,0.2
medium,big,big-GDPH-benign-0880,benign,0,0.36185688,0.13874285,0.1
medium,big,big-GDPH-malignant-1135,malignant,1,0.43951184,0.16426021,0.8
medium,big,big-GDPH-malignant-1140,malignant,1,0.28181654,0.09455644,1.0
medium,big,big-GDPH-malignant-1141,malignant,1,0.17035998,0.10069281,1.0
medium,big,big-GDPH-malignant-1149,malignant,1,0.44750136,0.22054307,0.5
medium,big,big-GDPH-malignant-1154,malignant,1,0.06550802,0.030788332,1.0
medium,big,big-GDPH-malignant-1158,malignant,1,0.09931236,0.043948494,1.0
medium,big,big-GDPH-malignant-1185,malignant,1,0.37652937,0.19607413,0.8
medium,big,big-GDPH-malignant-1194,malignant,1,0.45436454,0.2143395,0.6
medium,big,big-GDPH-malignant-1205,malignant,1,0.9627675,0.02054458,0.0
medium,big,big-GDPH-malignant-1218,malignant,1,0.766108,0.19466686,0.2
medium,big,big-GDPH-malignant-1226,malignant,1,0.82536584,0.089756966,0.0
medium,big,big-GDPH-malignant-1227,malignant,1,0.69822365,0.10201092,0.1
medium,big,big-GDPH-malignant-1229,malignant,1,0.78073967,0.13896552,0.0
medium,big,big-GDPH-malignant-1237,malignant,1,0.7193979,0.114185475,0.1
medium,big,big-GDPH-malignant-1239,malignant,1,0.9158018,0.050747637,0.0
medium,big,big-GDPH-malignant-1256,malignant,1,0.84696025,0.05745419,0.0
medium,big,big-GDPH-malignant-1258,malignant,1,0.39185724,0.13115112,0.8
medium,big,big-GDPH-malignant-1278,malignant,1,0.46055293,0.21381484,0.6
medium,big,big-GDPH-malignant-1304,malignant,1,0.20427394,0.14675523,1.0
medium,big,big-GDPH-malignant-1305,malignant,1,0.8141553,0.08071068,0.0
medium,big,big-GDPH-malignant-1307,malignant,1,0.77532995,0.15710072,0.1
medium,big,big-GDPH-malignant-1313,malignant,1,0.52847666,0.18203743,0.5
medium,big,big-GDPH-malignant-1317,malignant,1,0.53789914,0.23874022,0.3
medium,big,big-GDPH-malignant-1321,malignant,1,0.27170214,0.16569848,0.9
medium,big,big-GDPH-malignant-1337,malignant,1,0.7512766,0.07292907,0.0
medium,big,big-GDPH-malignant-1340,malignant,1,0.91508234,0.035861153,0.0
medium,big,big-GDPH-malignant-1341,malignant,1,0.11423355,0.12536962,1.0
medium,big,big-GDPH-malignant-1345,malignant,1,0.760211,0.15973078,0.1
medium,big,big-GDPH-malignant-1346,malignant,1,0.3191268,0.14205585,0.9
medium,big,big-GDPH-malignant-1352,malignant,1,0.7002763,0.21131995,0.2
medium,big,big-GDPH-malignant-1354,malignant,1,0.29645234,0.0956271,1.0
medium,big,big-GDPH-malignant-1356,malignant,1,0.8921658,0.09131041,0.0
medium,big,big-GDPH-malignant-1377,malignant,1,0.88793296,0.07535351,0.0
medium,big,big-GDPH-malignant-1382,malignant,1,0.8825019,0.042891756,0.0
medium,big,big-GDPH-malignant-1388,malignant,1,0.624075,0.14450958,0.1
medium,big,big-GDPH-malignant-1400,malignant,1,0.45245987,0.16692466,0.7
medium,big,big-GDPH-malignant-1414,malignant,1,0.55135787,0.18241064,0.3
medium,big,big-GDPH-malignant-1416,malignant,1,0.37655506,0.21191925,0.7
medium,big,big-GDPH-malignant-1421,malignant,1,0.31345227,0.19223309,0.8
medium,big,big-GDPH-malignant-1426,malignant,1,0.46678185,0.17049713,0.6
medium,big,big-GDPH-malignant-1439,malignant,1,0.08164394,0.060257543,1.0
medium,big,big-GDPH-malignant-1443,malignant,1,0.8437799,0.06414978,0.0
medium,big,big-GDPH-malignant-1449,malignant,1,0.85766315,0.045831017,0.0
medium,big,big-GDPH-malignant-1450,malignant,1,0.3605543,0.19447578,0.7
medium,big,big-GDPH-malignant-1465,malignant,1,0.15361525,0.06861139,1.0
medium,big,big-GDPH-malignant-1468,malignant,1,0.45105585,0.09323039,0.6
medium,big,big-GDPH-malignant-1469,malignant,1,0.2927731,0.23764896,0.8
medium,big,big-GDPH-malignant-1477,malignant,1,0.47184095,0.11376635,0.7
medium,big,big-GDPH-malignant-1483,malignant,1,0.7631217,0.07224767,0.0
medium,big,big-GDPH-malignant-1489,malignant,1,0.784709,0.10569224,0.0
medium,big,big-GDPH-malignant-1491,malignant,1,0.0995322,0.05029781,1.0
medium,big,big-GDPH-malignant-1499,malignant,1,0.64156926,0.12641884,0.2
medium,big,big-GDPH-malignant-1505,malignant,1,0.7252916,0.16760348,0.2
medium,big,big-SYSUCC-benign-0110,benign,0,0.1709018,0.1866342,0.1
medium,big,big-SYSUCC-benign-0121,benign,0,0.08620162,0.04419259,0.0
medium,big,big-SYSUCC-benign-0127,benign,0,0.104355134,0.07155491,0.0
medium,big,big-SYSUCC-benign-0132,benign,0,0.24532278,0.17654812,0.1
medium,big,big-SYSUCC-benign-0140,benign,0,0.027512288,0.023746425,0.0
medium,big,big-SYSUCC-benign-0143,benign,0,0.32092524,0.16465676,0.1
medium,big,big-SYSUCC-benign-0015,benign,0,0.85802203,0.16700503,0.9
medium,big,big-SYSUCC-benign-0153,benign,0,0.17783561,0.14705081,0.1
medium,big,big-SYSUCC-benign-0155,benign,0,0.88950235,0.08661332,1.0
medium,big,big-SYSUCC-benign-0173,benign,0,0.45647684,0.21029164,0.4
medium,big,big-SYSUCC-benign-0178,benign,0,0.49158663,0.27836564,0.5
medium,big,big-SYSUCC-benign-0018,benign,0,0.4259449,0.24026464,0.2
medium,big,big-SYSUCC-benign-0182,benign,0,0.07300502,0.04330245,0.0
medium,big,big-SYSUCC-benign-0185,benign,0,0.3085634,0.18885514,0.2
medium,big,big-SYSUCC-benign-0197,benign,0,0.10578917,0.061197132,0.0
medium,big,big-SYSUCC-benign-0002,benign,0,0.11384652,0.09730866,0.0
medium,big,big-SYSUCC-benign-0020,benign,0,0.09873022,0.06642067,0.0
medium,big,big-SYSUCC-benign-0204,benign,0,0.12328585,0.0866319,0.0
medium,big,big-SYSUCC-benign-0227,benign,0,0.66258734,0.20509748,0.8
medium,big,big-SYSUCC-benign-0230,benign,0,0.27783132,0.12219548,0.0
medium,big,big-SYSUCC-benign-0235,benign,0,0.029670682,0.02448146,0.0
medium,big,big-SYSUCC-benign-0237,benign,0,0.070923,0.03858958,0.0
medium,big,big-SYSUCC-benign-0247,benign,0,0.192227,0.17368425,0.1
medium,big,big-SYSUCC-benign-0250,benign,0,0.07127117,0.08093489,0.0
medium,big,big-SYSUCC-benign-0251,benign,0,0.025626924,0.02001073,0.0
medium,big,big-SYSUCC-benign-0255,benign,0,0.18843058,0.06960107,0.0
medium,big,big-SYSUCC-benign-0262,benign,0,0.27917388,0.22245623,0.2
medium,big,big-SYSUCC-benign-0271,benign,0,0.25689942,0.14001541,0.1
medium,big,big-SYSUCC-benign-0273,benign,0,0.23941863,0.08842702,0.0
medium,big,big-SYSUCC-benign-0281,benign,0,0.17662223,0.09333347,0.0
medium,big,big-SYSUCC-benign-0282,benign,0,0.44470915,0.16084895,0.5
medium,big,big-SYSUCC-benign-0292,benign,0,0.45679387,0.23206978,0.4
medium,big,big-SYSUCC-benign-0295,benign,0,0.3334412,0.1750422,0.2
medium,big,big-SYSUCC-benign-0300,benign,0,0.14754273,0.11172735,0.0
medium,big,big-SYSUCC-benign-0304,benign,0,0.21926093,0.14156106,0.0
medium,big,big-SYSUCC-benign-0306,benign,0,0.20890729,0.20152454,0.2
medium,big,big-SYSUCC-benign-0307,benign,0,0.55948144,0.20384328,0.5
medium,big,big-SYSUCC-benign-0312,benign,0,0.2509941,0.116668515,0.0
medium,big,big-SYSUCC-benign-0315,benign,0,0.27831715,0.22564423,0.1
medium,big,big-SYSUCC-benign-0323,benign,0,0.4245963,0.24719578,0.4
medium,big,big-SYSUCC-benign-0329,benign,0,0.57045597,0.17439774,0.7
medium,big,big-SYSUCC-benign-0351,benign,0,0.037955586,0.033775155,0.0
medium,big,big-SYSUCC-benign-0361,benign,0,0.8447668,0.12507801,1.0
medium,big,big-SYSUCC-benign-0367,benign,0,0.032089997,0.051095836,0.0
medium,big,big-SYSUCC-benign-0376,benign,0,0.63131255,0.14929797,0.9
medium,big,big-SYSUCC-benign-0378,benign,0,0.6843405,0.17568876,0.9
medium,big,big-SYSUCC-benign-0385,benign,0,0.17240694,0.103708595,0.0
medium,big,big-SYSUCC-benign-0041,benign,0,0.5355812,0.1894074,0.6
medium,big,big-SYSUCC-benign-0416,benign,0,0.43758112,0.19195747,0.3
medium,big,big-SYSUCC-benign-0418,benign,0,0.27723148,0.11010988,0.0
medium,big,big-SYSUCC-benign-0042,benign,0,0.2529928,0.2378017,0.2
medium,big,big-SYSUCC-benign-0426,benign,0,0.34960517,0.15285851,0.2
medium,big,big-SYSUCC-benign-0427,benign,0,0.0059836423,0.0050904886,0.0
medium,big,big-SYSUCC-benign-0429,benign,0,0.5570353,0.19773547,0.8
medium,big,big-SYSUCC-benign-0432,benign,0,0.88688546,0.14227845,0.9
medium,big,big-SYSUCC-benign-0005,benign,0,0.33581337,0.16064557,0.2
medium,big,big-SYSUCC-benign-0052,benign,0,0.052716427,0.03584651,0.0
medium,big,big-SYSUCC-benign-0058,benign,0,0.1647419,0.13999394,0.0
medium,big,big-SYSUCC-benign-0060,benign,0,0.0889143,0.10147127,0.0
medium,big,big-SYSUCC-benign-0062,benign,0,0.39508125,0.2607063,0.5
medium,big,big-SYSUCC-benign-0072,benign,0,0.08891488,0.053860825,0.0
medium,big,big-SYSUCC-benign-0008,benign,0,0.3101976,0.21943401,0.2
medium,big,big-SYSUCC-benign-0097,benign,0,0.7073842,0.23548429,0.8
medium,big,big-SYSUCC-malignant-0000,malignant,1,0.95019853,0.03444527,0.0
medium,big,big-SYSUCC-malignant-0100,malignant,1,0.90550536,0.08143592,0.0
medium,big,big-SYSUCC-malignant-1003,malignant,1,0.8813609,0.11865023,0.0
medium,big,big-SYSUCC-malignant-1008,malignant,1,0.03921237,0.027673107,1.0
medium,big,big-SYSUCC-malignant-1010,malignant,1,0.008327005,0.008163508,1.0
medium,big,big-SYSUCC-malignant-1019,malignant,1,0.8952195,0.07885316,0.0
medium,big,big-SYSUCC-malignant-1023,malignant,1,0.9360439,0.036792062,0.0
medium,big,big-SYSUCC-malignant-1035,malignant,1,0.15558738,0.14349142,0.9
medium,big,big-SYSUCC-malignant-1040,malignant,1,0.8135835,0.08218573,0.0
medium,big,big-SYSUCC-malignant-1044,malignant,1,0.5809594,0.2225405,0.4
medium,big,big-SYSUCC-malignant-1058,malignant,1,0.686955,0.15092844,0.1
medium,big,big-SYSUCC-malignant-1062,malignant,1,0.32596248,0.15026145,0.8
medium,big,big-SYSUCC-malignant-1064,malignant,1,0.9083004,0.07873712,0.0
medium,big,big-SYSUCC-malignant-1069,malignant,1,0.651513,0.17534123,0.2
medium,big,big-SYSUCC-malignant-1071,malignant,1,0.12801877,0.072419584,1.0
medium,big,big-SYSUCC-malignant-1075,malignant,1,0.52006567,0.27015093,0.4
medium,big,big-SYSUCC-malignant-1077,malignant,1,0.15844133,0.08538012,1.0
medium,big,big-SYSUCC-malignant-1105,malignant,1,0.2240537,0.12719819,1.0
medium,big,big-SYSUCC-malignant-1110,malignant,1,0.9425057,0.08471505,0.0
medium,big,big-SYSUCC-malignant-1115,malignant,1,0.47153553,0.22888386,0.6
medium,big,big-SYSUCC-malignant-0112,malignant,1,0.83386314,0.19914874,0.1
medium,big,big-SYSUCC-malignant-0121,malignant,1,0.75385803,0.19333555,0.1
medium,big,big-SYSUCC-malignant-0126,malignant,1,0.27211833,0.11872119,1.0
medium,big,big-SYSUCC-malignant-0134,malignant,1,0.47945586,0.15893312,0.7
medium,big,big-SYSUCC-malignant-0137,malignant,1,0.20028421,0.124184415,1.0
medium,big,big-SYSUCC-malignant-0148,malignant,1,0.17699654,0.11406542,1.0
medium,big,big-SYSUCC-malignant-0016,malignant,1,0.5614389,0.24614717,0.4
medium,big,big-SYSUCC-malignant-0168,malignant,1,0.8666887,0.047455348,0.0
medium,big,big-SYSUCC-malignant-0017,malignant,1,0.5650116,0.24313411,0.4
medium,big,big-SYSUCC-malignant-0174,malignant,1,0.12945494,0.12804732,1.0
medium,big,big-SYSUCC-malignant-0175,malignant,1,0.057336777,0.05300408,1.0
medium,big,big-SYSUCC-malignant-0178,malignant,1,0.44044477,0.15098085,0.6
medium,big,big-SYSUCC-malignant-0193,malignant,1,0.52815133,0.19352283,0.6
medium,big,big-SYSUCC-malignant-0021,malignant,1,0.29913116,0.1975633,0.9
medium,big,big-SYSUCC-malignant-0216,malignant,1,0.44836283,0.23220636,0.5
medium,big,big-SYSUCC-malignant-0221,malignant,1,0.36393398,0.27289668,0.8
medium,big,big-SYSUCC-malignant-0223,malignant,1,0.57378227,0.18142982,0.2
medium,big,big-SYSUCC-malignant-0227,malignant,1,0.84728014,0.12995487,0.1
medium,big,big-SYSUCC-malignant-0239,malignant,1,0.1812251,0.15930109,0.9
medium,big,big-SYSUCC-malignant-0244,malignant,1,0.33949333,0.1723781,0.8
medium,big,big-SYSUCC-malignant-0256,malignant,1,0.34983197,0.28038207,0.6
medium,big,big-SYSUCC-malignant-0257,malignant,1,0.6963406,0.13550386,0.1
medium,big,big-SYSUCC-malignant-0267,malignant,1,0.87431747,0.0618099,0.0
medium,big,big-SYSUCC-malignant-0270,malignant,1,0.7387167,0.15643215,0.1
medium,big,big-SYSUCC-malignant-0284,malignant,1,0.40260768,0.16978502,0.7
medium,big,big-SYSUCC-malignant-0285,malignant,1,0.11756134,0.07968031,1.0
medium,big,big-SYSUCC-malignant-0296,malignant,1,0.21184365,0.22160822,0.9
medium,big,big-SYSUCC-malignant-0298,malignant,1,0.9030987,0.045803335,0.0
medium,big,big-SYSUCC-malignant-0003,malignant,1,0.20761819,0.09053203,1.0
medium,big,big-SYSUCC-malignant-0303,malignant,1,0.8466673,0.13117205,0.0
medium,big,big-SYSUCC-malignant-0318,malignant,1,0.01769874,0.01661499,1.0
medium,big,big-SYSUCC-malignant-0320,malignant,1,0.05423411,0.043671653,1.0
medium,big,big-SYSUCC-malignant-0033,malignant,1,0.39707965,0.19946939,0.6
medium,big,big-SYSUCC-malignant-0336,malignant,1,0.29534885,0.19568078,0.7
medium,big,big-SYSUCC-malignant-0338,malignant,1,0.27801576,0.1466579,1.0
medium,big,big-SYSUCC-malignant-0343,malignant,1,0.69345504,0.23256235,0.3
medium,big,big-SYSUCC-malignant-0350,malignant,1,0.56179553,0.24854405,0.5
medium,big,big-SYSUCC-malignant-0362,malignant,1,0.6959852,0.28708953,0.2
medium,big,big-SYSUCC-malignant-0364,malignant,1,0.15263304,0.08605985,1.0
medium,big,big-SYSUCC-malignant-0376,malignant,1,0.097880386,0.057364274,1.0
medium,big,big-SYSUCC-malignant-0038,malignant,1,0.3424694,0.24955474,0.8
medium,big,big-SYSUCC-malignant-0380,malignant,1,0.6859436,0.15413976,0.1
medium,big,big-SYSUCC-malignant-0384,malignant,1,0.9143218,0.05931654,0.0
medium,big,big-SYSUCC-malignant-0396,malignant,1,0.935641,0.039892614,0.0
medium,big,big-SYSUCC-malignant-0406,malignant,1,0.9505596,0.041004684,0.0
medium,big,big-SYSUCC-malignant-0429,malignant,1,0.8917235,0.08891868,0.0
medium,big,big-SYSUCC-malignant-0438,malignant,1,0.66131747,0.16157834,0.1
medium,big,big-SYSUCC-malignant-0441,malignant,1,0.778888,0.13929261,0.0
medium,big,big-SYSUCC-malignant-0445,malignant,1,0.86129457,0.11226374,0.0
medium,big,big-SYSUCC-malignant-0449,malignant,1,0.9030576,0.10088503,0.0
medium,big,big-SYSUCC-malignant-0450,malignant,1,0.4933587,0.23760307,0.6
medium,big,big-SYSUCC-malignant-0453,malignant,1,0.35021415,0.25996462,0.8
medium,big,big-SYSUCC-malignant-0455,malignant,1,0.3385169,0.24236156,0.8
medium,big,big-SYSUCC-malignant-0457,malignant,1,0.3825976,0.25257733,0.6
medium,big,big-SYSUCC-malignant-0458,malignant,1,0.30046096,0.20784716,0.9
medium,big,big-SYSUCC-malignant-0459,malignant,1,0.45235318,0.30434564,0.5
medium,big,big-SYSUCC-malignant-0462,malignant,1,0.6148837,0.11703964,0.1
medium,big,big-SYSUCC-malignant-0463,malignant,1,0.88711166,0.1120282,0.0
medium,big,big-SYSUCC-malignant-0467,malignant,1,0.4693697,0.23238258,0.5
medium,big,big-SYSUCC-malignant-0469,malignant,1,0.27234057,0.104358174,1.0
medium,big,big-SYSUCC-malignant-0471,malignant,1,0.38446245,0.19513714,0.7
medium,big,big-SYSUCC-malignant-0477,malignant,1,0.08635092,0.052529916,1.0
medium,big,big-SYSUCC-malignant-0482,malignant,1,0.893136,0.049817182,0.0
medium,big,big-SYSUCC-malignant-0504,malignant,1,0.94784033,0.027123885,0.0
medium,big,big-SYSUCC-malignant-0512,malignant,1,0.87613046,0.1409462,0.1
medium,big,big-SYSUCC-malignant-0513,malignant,1,0.7666894,0.1079397,0.0
medium,big,big-SYSUCC-malignant-0517,malignant,1,0.98438424,0.017316869,0.0
medium,big,big-SYSUCC-malignant-0526,malignant,1,0.9102084,0.043545235,0.0
medium,big,big-SYSUCC-malignant-0538,malignant,1,0.38510162,0.26540166,0.6
medium,big,big-SYSUCC-malignant-0054,malignant,1,0.8499161,0.12037982,0.0
medium,big,big-SYSUCC-malignant-0540,malignant,1,0.30502617,0.16986828,0.9
medium,big,big-SYSUCC-malignant-0545,malignant,1,0.48667592,0.0781154,0.5
medium,big,big-SYSUCC-malignant-0552,malignant,1,0.047468636,0.033223838,1.0
medium,big,big-SYSUCC-malignant-0564,malignant,1,0.3718347,0.12342245,0.9
medium,big,big-SYSUCC-malignant-0057,malignant,1,0.20057622,0.11627156,1.0
medium,big,big-SYSUCC-malignant-0570,malignant,1,0.794749,0.2056541,0.1
medium,big,big-SYSUCC-malignant-0572,malignant,1,0.5930947,0.11788981,0.2
medium,big,big-SYSUCC-malignant-0577,malignant,1,0.6403642,0.1616462,0.3
medium,big,big-SYSUCC-malignant-0590,malignant,1,0.27123982,0.12167143,1.0
medium,big,big-SYSUCC-malignant-0603,malignant,1,0.93109334,0.062173218,0.0
medium,big,big-SYSUCC-malignant-0614,malignant,1,0.34083956,0.16376543,0.8
medium,big,big-SYSUCC-malignant-0615,malignant,1,0.26456395,0.13822085,0.9
medium,big,big-SYSUCC-malignant-0644,malignant,1,0.05938024,0.029525012,1.0
medium,big,big-SYSUCC-malignant-0649,malignant,1,0.4414568,0.21981384,0.6
medium,big,big-SYSUCC-malignant-0066,malignant,1,0.4225673,0.16073596,0.8
medium,big,big-SYSUCC-malignant-0661,malignant,1,0.172531,0.11084511,1.0
medium,big,big-SYSUCC-malignant-0677,malignant,1,0.63828003,0.08768689,0.0
medium,big,big-SYSUCC-malignant-0678,malignant,1,0.40402427,0.20336802,0.6
medium,big,big-SYSUCC-malignant-0681,malignant,1,0.44369537,0.16586654,0.6
medium,big,big-SYSUCC-malignant-0683,malignant,1,0.43065816,0.26256633,0.6
medium,big,big-SYSUCC-malignant-0007,malignant,1,0.35220945,0.22052717,0.7
medium,big,big-SYSUCC-malignant-0706,malignant,1,0.8936407,0.056921892,0.0
medium,big,big-SYSUCC-malignant-0708,malignant,1,0.8145653,0.16691105,0.1
medium,big,big-SYSUCC-malignant-0710,malignant,1,0.27377087,0.13028301,0.9
medium,big,big-SYSUCC-malignant-0715,malignant,1,0.1957702,0.1430165,1.0
medium,big,big-SYSUCC-malignant-0719,malignant,1,0.27306852,0.13895625,1.0
medium,big,big-SYSUCC-malignant-0725,malignant,1,0.12421954,0.06867091,1.0
medium,big,big-SYSUCC-malignant-0728,malignant,1,0.09915525,0.08119031,1.0
medium,big,big-SYSUCC-malignant-0753,malignant,1,0.42026272,0.17974967,0.6
medium,big,big-SYSUCC-malignant-0758,malignant,1,0.9644764,0.014320355,0.0
medium,big,big-SYSUCC-malignant-0764,malignant,1,0.95598143,0.020360759,0.0
medium,big,big-SYSUCC-malignant-0766,malignant,1,0.9183966,0.043813888,0.0
medium,big,big-SYSUCC-malignant-0770,malignant,1,0.9556662,0.02577072,0.0
medium,big,big-SYSUCC-malignant-0773,malignant,1,0.099184416,0.049746513,1.0
medium,big,big-SYSUCC-malignant-0078,malignant,1,0.8817512,0.14420398,0.1
medium,big,big-SYSUCC-malignant-0782,malignant,1,0.4467669,0.20487647,0.7
medium,big,big-SYSUCC-malignant-0784,malignant,1,0.44073176,0.2202766,0.6
medium,big,big-SYSUCC-malignant-0786,malignant,1,0.9385729,0.06682441,0.0
medium,big,big-SYSUCC-malignant-0795,malignant,1,0.60753864,0.19137381,0.4
medium,big,big-SYSUCC-malignant-0804,malignant,1,0.9552146,0.04288723,0.0
medium,big,big-SYSUCC-malignant-0809,malignant,1,0.74556506,0.23599458,0.1
medium,big,big-SYSUCC-malignant-0815,malignant,1,0.2955509,0.13939315,0.9
medium,big,big-SYSUCC-malignant-0822,malignant,1,0.5908129,0.2359563,0.4
medium,big,big-SYSUCC-malignant-0828,malignant,1,0.47675696,0.20041399,0.6
medium,big,big-SYSUCC-malignant-0831,malignant,1,0.2264606,0.15912184,0.9
medium,big,big-SYSUCC-malignant-0835,malignant,1,0.277882,0.14249621,0.9
medium,big,big-SYSUCC-malignant-0840,malignant,1,0.9310416,0.041867122,0.0
medium,big,big-SYSUCC-malignant-0841,malignant,1,0.9275734,0.026348641,0.0
medium,big,big-SYSUCC-malignant-0851,malignant,1,0.92968875,0.044627212,0.0
medium,big,big-SYSUCC-malignant-0855,malignant,1,0.89171904,0.08322312,0.0
medium,big,big-SYSUCC-malignant-0859,malignant,1,0.23053715,0.13830943,1.0
medium,big,big-SYSUCC-malignant-0871,malignant,1,0.084871665,0.07033808,1.0
medium,big,big-SYSUCC-malignant-0873,malignant,1,0.65176046,0.17703626,0.2
medium,big,big-SYSUCC-malignant-0876,malignant,1,0.66123056,0.13888831,0.2
medium,big,big-SYSUCC-malignant-0887,malignant,1,0.7134778,0.2530397,0.3
medium,big,big-SYSUCC-malignant-0898,malignant,1,0.29377422,0.21894081,0.8
medium,big,big-SYSUCC-malignant-0910,malignant,1,0.67873114,0.2461387,0.2
medium,big,big-SYSUCC-malignant-0921,malignant,1,0.034315933,0.02145393,1.0
medium,big,big-SYSUCC-malignant-0925,malignant,1,0.1285442,0.06814656,1.0
medium,big,big-SYSUCC-malignant-0926,malignant,1,0.752252,0.098201446,0.0
medium,big,big-SYSUCC-malignant-0929,malignant,1,0.54186416,0.21762651,0.5
medium,big,big-SYSUCC-malignant-0930,malignant,1,0.3805982,0.24567036,0.7
medium,big,big-SYSUCC-malignant-0941,malignant,1,0.95432633,0.043712784,0.0
medium,big,big-SYSUCC-malignant-0952,malignant,1,0.8762597,0.08735699,0.0
medium,big,big-SYSUCC-malignant-0967,malignant,1,0.8249496,0.060625143,0.0
medium,big,big-SYSUCC-malignant-0976,malignant,1,0.8385547,0.03546365,0.0
medium,big,big-SYSUCC-malignant-0982,malignant,1,0.352044,0.13894576,0.9
big,small,small-benign-0002,benign,0,3.158806e-05,7.071839e-05,0.0
big,small,small-benign-0005,benign,0,0.12164178,0.28508046,0.1
big,small,small-benign-0006,benign,0,0.90096015,0.28938517,0.9
big,small,small-benign-0015,benign,0,1.6583037e-05,3.2574604e-05,0.0
big,small,small-benign-0024,benign,0,0.037292726,0.11183361,0.0
big,small,small-benign-0033,benign,0,0.9212616,0.13303642,1.0
big,small,small-benign-0041,benign,0,0.7504975,0.3337108,0.8
big,small,small-benign-0048,benign,0,0.67438304,0.34542406,0.8
big,small,small-benign-0049,benign,0,0.95314264,0.1388123,1.0
big,small,small-benign-0053,benign,0,0.882998,0.19306137,0.9
big,small,small-benign-0054,benign,0,0.9992525,0.001548072,1.0
big,small,small-benign-0072,benign,0,0.65212184,0.3669828,0.6
big,small,small-benign-0080,benign,0,0.9999348,0.00010870392,1.0
big,small,small-benign-0083,benign,0,0.40682977,0.43127075,0.4
big,small,small-benign-0085,benign,0,0.6647748,0.4201402,0.7
big,small,small-benign-0093,benign,0,0.723873,0.33785367,0.6
big,small,small-benign-0094,benign,0,0.0031754046,0.0042209406,0.0
big,small,small-benign-0109,benign,0,0.9821557,0.05079244,1.0
big,small,small-benign-0110,benign,0,0.30716816,0.42337227,0.3
big,small,small-benign-0112,benign,0,0.9990263,0.0028884157,1.0
big,small,small-benign-0116,benign,0,0.14313054,0.2545067,0.2
big,small,small-benign-0119,benign,0,0.28184062,0.3780238,0.3
big,small,small-benign-0140,benign,0,0.73795164,0.39645448,0.7
big,small,small-benign-0150,benign,0,0.004151154,0.011295819,0.0
big,small,small-benign-0154,benign,0,5.1817697e-06,9.869957e-06,0.0
big,small,small-benign-0161,benign,0,0.77781206,0.2483496,0.8
big,small,small-benign-0184,benign,0,0.7057625,0.4069559,0.7
big,small,small-benign-0193,benign,0,0.9551899,0.13410555,1.0
big,small,small-benign-0197,benign,0,0.8936474,0.22548033,0.9
big,small,small-benign-0214,benign,0,0.0044017993,0.012986362,0.0
big,small,small-benign-0215,benign,0,5.3649623e-05,9.421382e-05,0.0
big,small,small-benign-0216,benign,0,0.36668724,0.42785323,0.4
big,small,small-benign-0224,benign,0,0.040390424,0.098746344,0.0
big,small,small-benign-0226,benign,0,3.773198e-07,7.8749537e-07,0.0
big,small,small-benign-0232,benign,0,0.77121246,0.31779703,0.8
big,small,small-benign-0242,benign,0,0.0064364634,0.015905023,0.0
big,small,small-benign-0244,benign,0,2.4838624e-05,5.6771463e-05,0.0
big,small,small-benign-0250,benign,0,0.01877632,0.053459685,0.0
big,small,small-benign-0255,benign,0,0.999081,0.0025358524,1.0
big,small,small-benign-0274,benign,0,0.71550125,0.4274021,0.7
big,small,small-benign-0293,benign,0,0.21624944,0.29754275,0.2
big,small,small-benign-0295,benign,0,4.9992803e-05,0.00014786558,0.0
big,small,small-benign-0301,benign,0,0.6025185,0.39803612,0.5
big,small,small-benign-0310,benign,0,0.8812995,0.16113234,0.9
big,small,small-benign-0318,benign,0,5.8215828e-05,0.00013133377,0.0
big,small,small-benign-0326,benign,0,0.98781025,0.025850547,1.0
big,small,small-benign-0329,benign,0,0.17886658,0.32655555,0.2
big,small,small-benign-0339,benign,0,0.999794,0.0004835232,1.0
big,small,small-benign-0349,benign,0,0.17913827,0.23891655,0.1
big,small,small-benign-0355,benign,0,0.9070908,0.24085766,0.9
big,small,small-benign-0360,benign,0,0.99969435,0.0008556612,1.0
big,small,small-benign-0370,benign,0,0.98070925,0.03402215,1.0
big,small,small-benign-0379,benign,0,0.1956289,0.36772656,0.2
big,small,small-benign-0403,benign,0,0.9860978,0.040691067,1.0
big,small,small-benign-0407,benign,0,0.45626742,0.40533152,0.4
big,small,small-benign-0408,benign,0,0.08169389,0.11818227,0.0
big,small,small-benign-0409,benign,0,0.20919839,0.3669432,0.2
big,small,small-benign-0416,benign,0,0.018352788,0.051165164,0.0
big,small,small-benign-0425,benign,0,2.4517114e-05,4.6552304e-05,0.0
big,small,small-benign-0429,benign,0,0.38454214,0.4076339,0.4
big,small,small-benign-0431,benign,0,0.070318244,0.17128113,0.1
big,small,small-malignant-0007,malignant,1,0.8487872,0.23026164,0.2
big,small,small-malignant-0008,malignant,1,0.9212465,0.1276285,0.0
big,small,small-malignant-0021,malignant,1,0.26079625,0.3489218,0.7
big,small,small-malignant-0026,malignant,1,0.45384565,0.3377196,0.5
big,small,small-malignant-0042,malignant,1,0.99952567,0.0012508351,0.0
big,small,small-malignant-0043,malignant,1,0.906209,0.20590377,0.1
big,small,small-malignant-0054,malignant,1,0.5822991,0.37650764,0.4
big,small,small-malignant-0066,malignant,1,0.9287445,0.16801566,0.1
big,small,small-malignant-0081,malignant,1,0.609182,0.459701,0.4
big,small,small-malignant-0083,malignant,1,0.679643,0.40767488,0.4
big,small,small-malignant-0087,malignant,1,0.94538677,0.095328055,0.0
big,small,small-malignant-0090,malignant,1,0.63436633,0.3369145,0.3
big,small,small-malignant-0094,malignant,1,0.92152345,0.14597973,0.0
big,small,small-malignant-0095,malignant,1,0.99997646,4.781842e-05,0.0
big,small,small-malignant-0114,malignant,1,0.9997587,0.000646706,0.0
big,small,small-malignant-0141,malignant,1,0.88902855,0.17841345,0.1
big,small,small-malignant-0144,malignant,1,0.9997039,0.0006686919,0.0
big,small,small-malignant-0147,malignant,1,0.9992859,0.0012178635,0.0
big,small,small-malignant-0149,malignant,1,0.53631556,0.37229228,0.5
big,small,small-malignant-0152,malignant,1,0.5870317,0.4263905,0.4
big,small,small-malignant-0154,malignant,1,0.9603194,0.07612235,0.0
big,small,small-malignant-0155,malignant,1,0.99978554,0.00046919138,0.0
big,small,small-malignant-0164,malignant,1,0.9995899,0.0011057385,0.0
big,small,small-malignant-0167,malignant,1,0.07161368,0.21014757,0.9
big,small,small-malignant-0173,malignant,1,0.8304265,0.27155834,0.2
big,small,small-malignant-0174,malignant,1,0.7381903,0.27598903,0.2
big,small,small-malignant-0175,malignant,1,0.99621594,0.0063064126,0.0
big,small,small-malignant-0183,malignant,1,0.9998566,0.00040217367,0.0
big,small,small-malignant-0192,malignant,1,0.9680483,0.060532857,0.0
big,small,small-malignant-0198,malignant,1,0.99760246,0.004071542,0.0
big,small,small-malignant-0200,malignant,1,0.012378967,0.030971093,1.0
big,medium,medium-bus_0004-l,benign,0,0.825747,0.24831918,0.9
big,medium,medium-bus_0004-r,benign,0,0.5442959,0.36564022,0.6
big,medium,medium-bus_0011-l,benign,0,0.21952824,0.34040102,0.2
big,medium,medium-bus_0011-r,benign,0,0.47806782,0.44210696,0.5
big,medium,medium-bus_0016-l,malignant,1,0.9710428,0.033301104,0.0
big,medium,medium-bus_0016-r,malignant,1,0.2935275,0.25602743,0.7
big,medium,medium-bus_0017-s,malignant,1,0.47811025,0.4165743,0.5
big,medium,medium-bus_0018-s,malignant,1,0.11413105,0.29142725,0.9
big,medium,medium-bus_0025-l,benign,0,0.00010764274,0.00027124106,0.0
big,medium,medium-bus_0025-r,benign,0,0.12077801,0.27186874,0.1
big,medium,medium-bus_0027-l,malignant,1,0.9959453,0.008740376,0.0
big,medium,medium-bus_0027-r,malignant,1,0.72202617,0.39952615,0.3
big,medium,medium-bus_0033-l,benign,0,0.30809587,0.36160472,0.3
big,medium,medium-bus_0033-r,benign,0,0.5988275,0.36288354,0.6
big,medium,medium-bus_0035-l,benign,0,0.07940679,0.07068753,0.0
big,medium,medium-bus_0035-r,benign,0,0.5677749,0.40181172,0.6
big,medium,medium-bus_0041-l,malignant,1,0.099652156,0.2496181,0.9
big,medium,medium-bus_0041-r,malignant,1,0.45887217,0.3952785,0.5
big,medium,medium-bus_0043-s,malignant,1,0.9923607,0.013122688,0.0
big,medium,medium-bus_0044-l,benign,0,0.09570567,0.2778969,0.1
big,medium,medium-bus_0044-r,benign,0,0.0012719474,0.002196097,0.0
big,medium,medium-bus_0049-l,malignant,1,0.6516005,0.38554013,0.4
big,medium,medium-bus_0049-r,malignant,1,0.5996641,0.38006365,0.4
big,medium,medium-bus_0069-l,benign,0,0.9842917,0.029851314,1.0
big,medium,medium-bus_0069-r,benign,0,0.9808631,0.031318218,1.0
big,medium,medium-bus_0077-s,malignant,1,0.76044667,0.32939935,0.2
big,medium,medium-bus_0078-s,malignant,1,0.62845767,0.392821,0.4
big,medium,medium-bus_0082-s,benign,0,3.7252794e-05,6.6666005e-05,0.0
big,medium,medium-bus_0089-s,malignant,1,0.15342863,0.29000103,0.9
big,medium,medium-bus_0091-l,benign,0,0.65791345,0.36021972,0.7
big,medium,medium-bus_0091-r,benign,0,0.8294946,0.26613063,0.9
big,medium,medium-bus_0096-s,benign,0,0.87945205,0.24552278,0.9
big,medium,medium-bus_0099-l,benign,0,0.9996001,0.00082431047,1.0
big,medium,medium-bus_0099-r,benign,0,0.9967271,0.005794959,1.0
big,medium,medium-bus_0113-s,benign,0,0.3111796,0.36314604,0.3
big,medium,medium-bus_0121-s,benign,0,0.42433494,0.39762095,0.5
big,medium,medium-bus_0137-l,benign,0,0.10248033,0.29617944,0.1
big,medium,medium-bus_0137-r,benign,0,0.04275277,0.08470585,0.0
big,medium,medium-bus_0147-l,benign,0,0.80076826,0.311808,0.8
big,medium,medium-bus_0147-r,benign,0,0.41715854,0.34752673,0.5
big,medium,medium-bus_0148-l,benign,0,0.1114429,0.22509053,0.1
big,medium,medium-bus_0148-r,benign,0,0.02816371,0.07526473,0.0
big,medium,medium-bus_0172-l,benign,0,0.15253547,0.23641533,0.2
big,medium,medium-bus_0172-r,benign,0,0.06022659,0.09040967,0.0
big,medium,medium-bus_0177-l,benign,0,0.13410345,0.29578426,0.1
big,medium,medium-bus_0177-r,benign,0,0.049853887,0.13629852,0.0
big,medium,medium-bus_0181-s,benign,0,0.5151628,0.3317065,0.5
big,medium,medium-bus_0190-l,malignant,1,0.00015397192,0.00023358321,1.0
big,medium,medium-bus_0190-r,malignant,1,0.06309373,0.09047153,1.0
big,medium,medium-bus_0200-s,benign,0,0.75684744,0.3505948,0.8
big,medium,medium-bus_0204-l,benign,0,0.78266823,0.2853426,0.7
big,medium,medium-bus_0204-r,benign,0,0.867334,0.16065414,1.0
big,medium,medium-bus_0211-l,benign,0,0.8716981,0.19818917,0.9
big,medium,medium-bus_0211-r,benign,0,0.9667427,0.06796129,1.0
big,medium,medium-bus_0214-l,benign,0,0.19185679,0.26738128,0.1
big,medium,medium-bus_0214-r,benign,0,0.9885278,0.021689178,1.0
big,medium,medium-bus_0215-l,benign,0,0.6026192,0.3791098,0.6
big,medium,medium-bus_0215-r,benign,0,0.98260117,0.04611155,1.0
big,medium,medium-bus_0223-l,benign,0,0.54476094,0.3478362,0.6
big,medium,medium-bus_0223-r,benign,0,0.97099936,0.03489254,1.0
big,medium,medium-bus_0233-s,malignant,1,0.9942732,0.006388751,0.0
big,medium,medium-bus_0247-l,malignant,1,0.06472856,0.112600625,1.0
big,medium,medium-bus_0247-r,malignant,1,0.009750185,0.018619025,1.0
big,medium,medium-bus_0252-l,benign,0,0.25191754,0.31765082,0.2
big,medium,medium-bus_0252-r,benign,0,0.90864164,0.14111438,1.0
big,medium,medium-bus_0264-l,malignant,1,0.012491388,0.025390338,1.0
big,medium,medium-bus_0264-r,malignant,1,0.34613362,0.3783657,0.7
big,medium,medium-bus_0265-s,malignant,1,0.00014295171,0.00025492453,1.0
big,medium,medium-bus_0270-l,benign,0,0.999757,0.00057083904,1.0
big,medium,medium-bus_0270-r,benign,0,0.99656916,0.007789732,1.0
big,medium,medium-bus_0276-l,benign,0,0.751552,0.34334084,0.8
big,medium,medium-bus_0276-r,benign,0,0.8916429,0.2793105,0.9
big,medium,medium-bus_0277-l,benign,0,0.14131828,0.21441394,0.1
big,medium,medium-bus_0277-r,benign,0,0.19549452,0.2497818,0.1
big,medium,medium-bus_0282-l,benign,0,1.9652993e-05,5.0431787e-05,0.0
big,medium,medium-bus_0282-r,benign,0,0.4654796,0.44009513,0.4
big,medium,medium-bus_0292-l,benign,0,0.14482181,0.2584816,0.1
big,medium,medium-bus_0292-r,benign,0,0.0046570273,0.0065772333,0.0
big,medium,medium-bus_0293-s,benign,0,0.0016768388,0.0024283696,0.0
big,medium,medium-bus_0295-l,benign,0,0.103591755,0.22268464,0.1
big,medium,medium-bus_0295-r,benign,0,0.006365546,0.018682277,0.0
big,medium,medium-bus_0305-l,benign,0,0.20413701,0.36141187,0.2
big,medium,medium-bus_0305-r,benign,0,0.0027795252,0.0038337887,0.0
big,medium,medium-bus_0312-s,benign,0,0.11180161,0.17524713,0.0
big,medium,medium-bus_0321-s,malignant,1,0.20694673,0.3375691,0.8
big,medium,medium-bus_0324-s,malignant,1,0.99995697,8.130533e-05,0.0
big,medium,medium-bus_0336-s,malignant,1,0.93977773,0.1800406,0.1
big,medium,medium-bus_0342-l,malignant,1,0.989436,0.016015569,0.0
big,medium,medium-bus_0342-r,malignant,1,0.99897975,0.002439975,0.0
big,medium,medium-bus_0343-l,malignant,1,0.71367466,0.32109633,0.2
big,medium,medium-bus_0343-r,malignant,1,0.780692,0.30155525,0.2
big,medium,medium-bus_0358-l,benign,0,1.2565645e-06,3.2278217e-06,0.0
big,medium,medium-bus_0358-r,benign,0,0.022170765,0.04565932,0.0
big,medium,medium-bus_0361-l,benign,0,0.00089375256,0.0025332058,0.0
big,medium,medium-bus_0361-r,benign,0,0.00084525876,0.0025160601,0.0
big,medium,medium-bus_0363-l,benign,0,8.694584e-06,1.4696059e-05,0.0
big,medium,medium-bus_0363-r,benign,0,2.6199933e-08,3.977383e-08,0.0
big,medium,medium-bus_0365-l,benign,0,5.6643387e-07,7.1807705e-07,0.0
big,medium,medium-bus_0365-r,benign,0,1.7330303e-05,3.7990743e-05,0.0
big,medium,medium-bus_0376-l,benign,0,1.8543551e-07,4.5073185e-07,0.0
big,medium,medium-bus_0376-r,benign,0,4.8182994e-07,1.226406e-06,0.0
big,medium,medium-bus_0383-l,benign,0,5.2736876e-05,0.00014140626,0.0
big,medium,medium-bus_0383-r,benign,0,6.586373e-05,0.00015076846,0.0
big,medium,medium-bus_0398-l,benign,0,0.5976112,0.3917415,0.6
big,medium,medium-bus_0398-r,benign,0,0.5187417,0.39892632,0.6
big,medium,medium-bus_0406-l,malignant,1,0.42890114,0.42899272,0.6
big,medium,medium-bus_0406-r,malignant,1,0.0010270405,0.0027546408,1.0
big,medium,medium-bus_0411-l,malignant,1,0.97070247,0.07730269,0.0
big,medium,medium-bus_0411-r,malignant,1,0.6506475,0.37060547,0.3
big,medium,medium-bus_0413-l,malignant,1,1.9688629e-09,3.2006564e-09,1.0
big,medium,medium-bus_0413-r,malignant,1,0.1779634,0.35918802,0.8
big,medium,medium-bus_0414-l,malignant,1,0.7661604,0.2432154,0.3
big,medium,medium-bus_0414-r,malignant,1,0.9991128,0.0016147193,0.0
big,medium,medium-bus_0420-l,benign,0,0.76722944,0.3845051,0.8
big,medium,medium-bus_0420-r,benign,0,0.22384922,0.38040078,0.2
big,medium,medium-bus_0422-l,benign,0,0.9013756,0.29225507,0.9
big,medium,medium-bus_0422-r,benign,0,0.8149311,0.2897739,0.8
big,medium,medium-bus_0423-l,benign,0,0.011788474,0.026640974,0.0
big,medium,medium-bus_0423-r,benign,0,9.3968396e-05,0.00027891513,0.0
big,medium,medium-bus_0430-l,benign,0,0.031827793,0.09332391,0.0
big,medium,medium-bus_0430-r,benign,0,0.00014221724,0.0002684435,0.0
big,medium,medium-bus_0432-l,malignant,1,0.61989355,0.35591394,0.5
big,medium,medium-bus_0432-r,malignant,1,0.000305102,0.0007243845,1.0
big,medium,medium-bus_0433-l,benign,0,0.07182274,0.14292742,0.0
big,medium,medium-bus_0433-r,benign,0,0.009208479,0.0214563,0.0
big,medium,medium-bus_0438-l,benign,0,0.034683745,0.09826683,0.0
big,medium,medium-bus_0438-r,benign,0,0.029489404,0.08501217,0.0
big,medium,medium-bus_0461-l,malignant,1,9.5241594e-05,0.0002666201,1.0
big,medium,medium-bus_0461-r,malignant,1,1.0000497e-05,2.1712494e-05,1.0
big,medium,medium-bus_0471-l,malignant,1,0.00709918,0.021295449,1.0
big,medium,medium-bus_0471-r,malignant,1,5.300157e-06,1.2926272e-05,1.0
big,medium,medium-bus_0479-l,benign,0,0.037784673,0.1125466,0.0
big,medium,medium-bus_0479-r,benign,0,0.26226893,0.32526284,0.2
big,medium,medium-bus_0491-l,benign,0,9.3047026e-07,2.0931948e-06,0.0
big,medium,medium-bus_0491-r,benign,0,0.0003239483,0.0006188581,0.0
big,medium,medium-bus_0504-l,benign,0,0.000155241,0.00040404053,0.0
big,medium,medium-bus_0504-r,benign,0,0.00016415842,0.00041740798,0.0
big,medium,medium-bus_0505-l,benign,0,0.25764105,0.38164142,0.3
big,medium,medium-bus_0505-r,benign,0,0.00032434342,0.00065884914,0.0
big,medium,medium-bus_0506-l,benign,0,0.00011139964,0.0003175393,0.0
big,medium,medium-bus_0506-r,benign,0,0.00041642808,0.00084337837,0.0
big,medium,medium-bus_0511-l,benign,0,0.0011979409,0.002334867,0.0
big,medium,medium-bus_0511-r,benign,0,0.0049824794,0.014186735,0.0
big,medium,medium-bus_0513-l,benign,0,3.893608e-05,9.0802976e-05,0.0
big,medium,medium-bus_0513-r,benign,0,2.9894532e-05,7.640787e-05,0.0
big,medium,medium-bus_0518-l,benign,0,0.999423,0.0011169665,1.0
big,medium,medium-bus_0518-r,benign,0,0.9679844,0.09589265,1.0
big,medium,medium-bus_0521-l,benign,0,0.05607242,0.068237394,0.0
big,medium,medium-bus_0521-r,benign,0,0.9163254,0.14604111,1.0
big,medium,medium-bus_0522-l,benign,0,0.00028226123,0.0004541452,0.0
big,medium,medium-bus_0522-r,benign,0,0.0038114984,0.009132701,0.0
big,medium,medium-bus_0523-l,benign,0,2.0157345e-09,6.0381593e-09,0.0
big,medium,medium-bus_0523-r,benign,0,2.2198894e-06,2.5279905e-06,0.0
big,medium,medium-bus_0528-l,benign,0,8.887197e-08,1.5172517e-07,0.0
big,medium,medium-bus_0528-r,benign,0,0.0009173571,0.002702502,0.0
big,medium,medium-bus_0556-l,benign,0,0.0022785403,0.006793292,0.0
big,medium,medium-bus_0556-r,benign,0,0.411983,0.39251173,0.4
big,medium,medium-bus_0568-l,malignant,1,0.37169927,0.35737747,0.6
big,medium,medium-bus_0568-r,malignant,1,0.08448367,0.20036164,0.9
big,medium,medium-bus_0585-l,malignant,1,3.1587456e-06,8.121692e-06,1.0
big,medium,medium-bus_0585-r,malignant,1,0.604496,0.36488473,0.3
big,medium,medium-bus_0622-l,malignant,1,0.7160055,0.34052435,0.3
big,medium,medium-bus_0622-r,malignant,1,0.004321197,0.012101028,1.0
big,medium,medium-bus_0630-l,malignant,1,0.98358536,0.03982721,0.0
big,medium,medium-bus_0630-r,malignant,1,0.81115735,0.2605925,0.2
big,medium,medium-bus_0644-l,malignant,1,0.541594,0.39880908,0.4
big,medium,medium-bus_0644-r,malignant,1,0.7413192,0.33867493,0.2
big,medium,medium-bus_0650-l,malignant,1,0.10095872,0.29781842,0.9
big,medium,medium-bus_0650-r,malignant,1,0.102905236,0.29906726,0.9
big,medium,medium-bus_0670-l,benign,0,0.009234844,0.024772923,0.0
big,medium,medium-bus_0670-r,benign,0,8.513366e-09,2.549437e-08,0.0
big,medium,medium-bus_0676-s,malignant,1,0.9662646,0.059835616,0.0
big,medium,medium-bus_0678-s,benign,0,0.036469113,0.107904844,0.0
big,medium,medium-bus_0679-s,benign,0,2.3016003e-08,4.53944e-08,0.0
big,medium,medium-bus_0681-s,benign,0,0.4168508,0.4578225,0.4
big,medium,medium-bus_0684-s,benign,0,1.7255765e-06,3.3989863e-06,0.0
big,medium,medium-bus_0695-l,benign,0,0.018177839,0.05415141,0.0
big,medium,medium-bus_0695-r,benign,0,0.4533177,0.4318467,0.4
big,medium,medium-bus_0701-s,benign,0,0.89597785,0.29779366,0.9
big,medium,medium-bus_0705-s,malignant,1,0.17420515,0.33657476,0.8
big,medium,medium-bus_0707-s,benign,0,0.0038789478,0.008188767,0.0
big,medium,medium-bus_0711-s,benign,0,0.1242578,0.29399052,0.1
big,medium,medium-bus_0715-s,malignant,1,0.00033539973,0.0005670401,1.0
big,medium,medium-bus_0724-s,benign,0,0.68506205,0.3502419,0.7
big,medium,medium-bus_0737-s,benign,0,0.21797879,0.34756806,0.2
big,medium,medium-bus_0738-s,benign,0,0.34385574,0.35637662,0.2
big,medium,medium-bus_0739-s,benign,0,0.58775693,0.46583608,0.6
big,medium,medium-bus_0741-s,benign,0,0.9966488,0.00619331,1.0
big,medium,medium-bus_0749-s,benign,0,0.12218641,0.28993222,0.1
big,medium,medium-bus_0750-s,benign,0,0.7974714,0.28923902,0.8
big,medium,medium-bus_0751-s,benign,0,0.00067204755,0.00096806604,0.0
big,medium,medium-bus_0754-s,malignant,1,0.87476194,0.2920357,0.1
big,medium,medium-bus_0757-s,benign,0,0.6840726,0.3788454,0.7
big,medium,medium-bus_0759-s,benign,0,0.3567474,0.36490807,0.3
big,medium,medium-bus_0760-s,benign,0,0.21973935,0.2780157,0.1
big,medium,medium-bus_0763-s,benign,0,0.83902293,0.3254772,0.8
big,medium,medium-bus_0765-s,benign,0,0.17665444,0.19193889,0.2
big,medium,medium-bus_0767-s,malignant,1,0.17314419,0.22813728,0.8
big,medium,medium-bus_0769-s,benign,0,0.42845827,0.37769175,0.3
big,medium,medium-bus_0771-s,benign,0,0.7838173,0.30820146,0.8
big,medium,medium-bus_0772-s,benign,0,0.12212026,0.27285346,0.1
big,medium,medium-bus_0775-s,benign,0,0.03880846,0.058987144,0.0
big,medium,medium-bus_0777-s,benign,0,0.001978622,0.0035882858,0.0
big,medium,medium-bus_0780-s,benign,0,0.039335735,0.102264374,0.0
big,medium,medium-bus_0781-s,benign,0,0.41122597,0.3577077,0.4
big,medium,medium-bus_0782-s,benign,0,1.503259e-06,1.9618585e-06,0.0
big,medium,medium-bus_0784-s,benign,0,0.27002716,0.38290682,0.3
big,medium,medium-bus_0792-s,benign,0,8.817371e-05,0.00019734613,0.0
big,medium,medium-bus_0795-s,malignant,1,0.481965,0.42611656,0.5
big,medium,medium-bus_0796-s,benign,0,0.5814945,0.43789655,0.5
big,medium,medium-bus_0798-s,benign,0,0.5710926,0.43472362,0.6
big,medium,medium-bus_0804-s,benign,0,0.9519396,0.11046674,1.0
big,medium,medium-bus_0805-s,benign,0,0.18904212,0.3504778,0.2
big,medium,medium-bus_0806-s,benign,0,0.9821056,0.0531038,1.0
big,medium,medium-bus_0810-s,malignant,1,0.97667867,0.06929409,0.0
big,medium,medium-bus_0817-s,benign,0,0.63404465,0.25349128,0.7
big,medium,medium-bus_0822-s,benign,0,0.99984837,0.0003155154,1.0
big,medium,medium-bus_0823-s,benign,0,0.8726942,0.29564905,0.9
big,medium,medium-bus_0826-s,benign,0,1.4551078e-06,2.1462013e-06,0.0
big,medium,medium-bus_0830-s,benign,0,0.19574977,0.32697013,0.2
big,medium,medium-bus_0831-s,malignant,1,0.9997057,0.0006955819,0.0
big,medium,medium-bus_0832-s,malignant,1,0.9831831,0.034458958,0.0
big,medium,medium-bus_0834-s,benign,0,0.47846764,0.40450856,0.4
big,medium,medium-bus_0836-s,benign,0,0.6985307,0.322577,0.7
big,medium,medium-bus_0837-s,benign,0,1.4623906e-05,3.3576605e-05,0.0
big,medium,medium-bus_0840-s,benign,0,0.8088724,0.28016606,0.9
big,medium,medium-bus_0846-s,benign,0,0.009511468,0.025164573,0.0
big,medium,medium-bus_0851-s,benign,0,0.98594075,0.028351769,1.0
big,medium,medium-bus_0882-l,benign,0,0.00019746437,0.00031379,0.0
big,medium,medium-bus_0882-r,benign,0,0.01228284,0.025109282,0.0
big,medium,medium-bus_0884-l,benign,0,0.9970213,0.008338903,1.0
big,medium,medium-bus_0884-r,benign,0,0.9915202,0.010096878,1.0
big,medium,medium-bus_0894-s,benign,0,0.9811875,0.028946461,1.0
big,medium,medium-bus_0897-l,benign,0,0.5610746,0.42605805,0.5
big,medium,medium-bus_0897-r,benign,0,0.2966035,0.36796921,0.2
big,medium,medium-bus_0905-l,benign,0,0.99951184,0.000884073,1.0
big,medium,medium-bus_0905-r,benign,0,0.7786322,0.2614667,0.7
big,medium,medium-bus_0935-l,malignant,1,0.27996475,0.30318853,0.7
big,medium,medium-bus_0935-r,malignant,1,0.87851334,0.17344822,0.1
big,medium,medium-bus_0937-l,malignant,1,0.99812686,0.0031186824,0.0
big,medium,medium-bus_0937-r,malignant,1,0.96837646,0.034417875,0.0
big,medium,medium-bus_0939-s,malignant,1,0.16227712,0.27913696,0.8
big,medium,medium-bus_0940-s,malignant,1,0.7800335,0.24703215,0.2
big,medium,medium-bus_0944-l,malignant,1,0.9872831,0.03057471,0.0
big,medium,medium-bus_0944-r,malignant,1,0.07657863,0.21892919,0.9
big,medium,medium-bus_0948-l,malignant,1,0.9950312,0.0132140005,0.0
big,medium,medium-bus_0948-r,malignant,1,0.9474594,0.067966394,0.0
big,medium,medium-bus_0957-s,benign,0,0.6211444,0.3647021,0.7
big,medium,medium-bus_0968-l,benign,0,0.23844898,0.26662993,0.1
big,medium,medium-bus_0968-r,benign,0,0.015819442,0.033417936,0.0
big,medium,medium-bus_0972-s,malignant,1,0.6935314,0.3469056,0.3
big,medium,medium-bus_0978-l,malignant,1,0.9936964,0.009239649,0.0
big,medium,medium-bus_0978-r,malignant,1,0.96487105,0.0553252,0.0
big,medium,medium-bus_0981-l,malignant,1,0.8663456,0.15663777,0.0
big,medium,medium-bus_0981-r,malignant,1,0.36182737,0.31873322,0.7
big,medium,medium-bus_0984-l,malignant,1,0.9785732,0.03109695,0.0
big,medium,medium-bus_0984-r,malignant,1,0.9921519,0.018367795,0.0
big,medium,medium-bus_0995-l,benign,0,0.017192986,0.05142716,0.0
big,medium,medium-bus_0995-r,benign,0,0.59731567,0.39079767,0.6
big,medium,medium-bus_0997-l,benign,0,0.13770024,0.24470769,0.2
big,medium,medium-bus_0997-r,benign,0,0.011796007,0.016542774,0.0
big,medium,medium-bus_0998-s,malignant,1,0.99537766,0.0064740637,0.0
big,medium,medium-bus_1003-l,benign,0,0.9977542,0.004885822,1.0
big,medium,medium-bus_1003-r,benign,0,0.9977912,0.0049832435,1.0
big,medium,medium-bus_1004-l,malignant,1,0.899335,0.26967916,0.1
big,medium,medium-bus_1004-r,malignant,1,0.38737664,0.4074508,0.7
big,medium,medium-bus_1005-s,benign,0,0.16734627,0.29267478,0.2
big,medium,medium-bus_1015-s,benign,0,0.90673625,0.2644052,0.9
big,medium,medium-bus_1021-l,benign,0,0.3603111,0.35603452,0.4
big,medium,medium-bus_1021-r,benign,0,0.4854838,0.34850615,0.6
big,medium,medium-bus_1033-l,malignant,1,0.8961133,0.24668165,0.1
big,medium,medium-bus_1033-r,malignant,1,0.98351413,0.027895318,0.0
big,medium,medium-bus_1039-l,malignant,1,0.99752873,0.0070420248,0.0
big,medium,medium-bus_1039-r,malignant,1,0.98605406,0.024593182,0.0
big,medium,medium-bus_1046-l,malignant,1,0.5622722,0.40428483,0.4
big,medium,medium-bus_1046-r,malignant,1,0.8466326,0.23110646,0.1
big,medium,medium-bus_1049-l,benign,0,0.57599986,0.32501397,0.7
big,medium,medium-bus_1049-r,benign,0,0.51533926,0.39404625,0.5
big,medium,medium-bus_1054-l,benign,0,0.9833956,0.025844248,1.0
big,medium,medium-bus_1054-r,benign,0,0.9996314,0.0007409563,1.0
big,medium,medium-bus_1060-s,malignant,1,0.9997326,0.00051796023,0.0
big,big,big-GDPH-benign-0444,benign,0,9.1783113e-07,1.4281073e-06,0.0
big,big,big-GDPH-benign-0460,benign,0,0.7750278,0.31341174,0.8
big,big,big-GDPH-benign-0465,benign,0,6.232106e-05,0.00010962243,0.0
big,big,big-GDPH-benign-0471,benign,0,0.0009859933,0.0025417055,0.0
big,big,big-GDPH-benign-0484,benign,0,0.00062774785,0.00169224,0.0
big,big,big-GDPH-benign-0497,benign,0,0.00024496322,0.00038668772,0.0
big,big,big-GDPH-benign-0503,benign,0,2.2981865e-05,6.248679e-05,0.0
big,big,big-GDPH-benign-0508,benign,0,0.0051616514,0.01108489,0.0
big,big,big-GDPH-benign-0512,benign,0,0.42820272,0.32487944,0.3
big,big,big-GDPH-benign-0514,benign,0,0.005494803,0.016162802,0.0
big,big,big-GDPH-benign-0522,benign,0,0.0024741022,0.007080789,0.0
big,big,big-GDPH-benign-0523,benign,0,0.50548035,0.36578578,0.5
big,big,big-GDPH-benign-0524,benign,0,9.256506e-05,0.00021242246,0.0
big,big,big-GDPH-benign-0526,benign,0,0.0008560096,0.0017145494,0.0
big,big,big-GDPH-benign-0528,benign,0,0.0010094837,0.0025509214,0.0
big,big,big-GDPH-benign-0569,benign,0,0.0065978253,0.008272078,0.0
big,big,big-GDPH-benign-0575,benign,0,0.4623112,0.3216668,0.3
big,big,big-GDPH-benign-0581,benign,0,0.907962,0.18560922,0.9
big,big,big-GDPH-benign-0586,benign,0,0.14686331,0.19898504,0.1
big,big,big-GDPH-benign-0589,benign,0,6.844527e-05,0.00018861092,0.0
big,big,big-GDPH-benign-0592,benign,0,0.055777438,0.15296109,0.1
big,big,big-GDPH-benign-0597,benign,0,0.99889994,0.0016733907,1.0
big,big,big-GDPH-benign-0598,benign,0,0.9862548,0.014425909,1.0
big,big,big-GDPH-benign-0613,benign,0,0.9496722,0.13388833,1.0
big,big,big-GDPH-benign-0633,benign,0,0.11754988,0.29470718,0.1
big,big,big-GDPH-benign-0640,benign,0,0.018294794,0.05462054,0.0
big,big,big-GDPH-benign-0643,benign,0,0.000189702,0.00026902749,0.0
big,big,big-GDPH-benign-0668,benign,0,6.0263854e-05,0.00016614638,0.0
big,big,big-GDPH-benign-0669,benign,0,0.0056982664,0.014959762,0.0
big,big,big-GDPH-benign-0671,benign,0,0.00860054,0.015064874,0.0
big,big,big-GDPH-benign-0673,benign,0,3.723548e-05,0.00010978258,0.0
big,big,big-GDPH-benign-0678,benign,0,0.020500034,0.047842562,0.0
big,big,big-GDPH-benign-0679,benign,0,0.42929083,0.45162544,0.4
big,big,big-GDPH-benign-0682,benign,0,0.06542261,0.13817205,0.0
big,big,big-GDPH-benign-0690,benign,0,0.18179178,0.33771905,0.2
big,big,big-GDPH-benign-0692,benign,0,0.00026029296,0.00055577356,0.0
big,big,big-GDPH-benign-0730,benign,0,0.04151103,0.103721336,0.0
big,big,big-GDPH-benign-0741,benign,0,4.463419e-05,0.000107888896,0.0
big,big,big-GDPH-benign-0746,benign,0,0.10168868,0.29250693,0.1
big,big,big-GDPH-benign-0751,benign,0,0.0006173093,0.0011785147,0.0
big,big,big-GDPH-benign-0767,benign,0,0.12406349,0.29540563,0.1
big,big,big-GDPH-benign-0774,benign,0,1.27012e-06,1.9002719e-06,0.0
big,big,big-GDPH-benign-0777,benign,0,0.023494853,0.03164642,0.0
big,big,big-GDPH-benign-0789,benign,0,0.0021256518,0.005866724,0.0
big,big,big-GDPH-benign-0798,benign,0,0.83458394,0.30909458,0.8
big,big,big-GDPH-benign-0800,benign,0,9.915676e-10,1.2719131e-09,0.0
big,big,big-GDPH-benign-0802,benign,0,0.23976645,0.33568832,0.2
big,big,big-GDPH-benign-0816,benign,0,0.034052584,0.06677015,0.0
big,big,big-GDPH-benign-0821,benign,0,0.47814432,0.39257085,0.4
big,big,big-GDPH-benign-0823,benign,0,0.0041344324,0.006602008,0.0
big,big,big-GDPH-benign-0824,benign,0,0.60673845,0.40038624,0.7
big,big,big-GDPH-benign-0827,benign,0,0.99844134,0.0040437,1.0
big,big,big-GDPH-benign-0834,benign,0,2.3312161e-06,3.2965918e-06,0.0
big,big,big-GDPH-benign-0836,benign,0,0.009233065,0.027180215,0.0
big,big,big-GDPH-benign-0844,benign,0,0.86189187,0.29460043,0.9
big,big,big-GDPH-benign-0847,benign,0,0.07112302,0.1672395,0.1
big,big,big-GDPH-benign-0852,benign,0,0.099926606,0.29884827,0.1
big,big,big-GDPH-benign-0856,benign,0,0.008103257,0.02410856,0.0
big,big,big-GDPH-benign-0859,benign,0,0.00036202147,0.00041914862,0.0
big,big,big-GDPH-benign-0860,benign,0,0.2579304,0.37783176,0.3
big,big,big-GDPH-benign-0861,benign,0,0.09213959,0.25952458,0.1
big,big,big-GDPH-benign-0877,benign,0,0.10252675,0.2983501,0.1
big,big,big-GDPH-benign-0880,benign,0,2.8115255e-05,4.287904e-05,0.0
big,big,big-GDPH-malignant-1135,malignant,1,0.9667667,0.06235392,0.0
big,big,big-GDPH-malignant-1140,malignant,1,0.93813336,0.11757529,0.0
big,big,big-GDPH-malignant-1141,malignant,1,0.7332455,0.26955736,0.3
big,big,big-GDPH-malignant-1149,malignant,1,0.9999155,0.00013334182,0.0
big,big,big-GDPH-malignant-1154,malignant,1,0.0005775549,0.0012541065,1.0
big,big,big-GDPH-malignant-1158,malignant,1,0.1197363,0.25780535,0.9
big,big,big-GDPH-malignant-1185,malignant,1,2.9634932e-05,8.176779e-05,1.0
big,big,big-GDPH-malignant-1194,malignant,1,0.80536187,0.33750466,0.2
big,big,big-GDPH-malignant-1205,malignant,1,0.99951327,0.0007116268,0.0
big,big,big-GDPH-malignant-1218,malignant,1,0.768613,0.26255548,0.2
big,big,big-GDPH-malignant-1226,malignant,1,0.9990389,0.0016415196,0.0
big,big,big-GDPH-malignant-1227,malignant,1,0.7632181,0.33382428,0.2
big,big,big-GDPH-malignant-1229,malignant,1,0.6369826,0.37569827,0.3
big,big,big-GDPH-malignant-1237,malignant,1,0.68203986,0.33945668,0.3
big,big,big-GDPH-malignant-1239,malignant,1,0.99503535,0.0069158534,0.0
big,big,big-GDPH-malignant-1256,malignant,1,0.9992175,0.0014664917,0.0
big,big,big-GDPH-malignant-1258,malignant,1,0.7853469,0.31112826,0.2
big,big,big-GDPH-malignant-1278,malignant,1,0.06333928,0.1452471,1.0
big,big,big-GDPH-malignant-1304,malignant,1,0.9912155,0.015555817,0.0
big,big,big-GDPH-malignant-1305,malignant,1,0.9912672,0.023238683,0.0
big,big,big-GDPH-malignant-1307,malignant,1,0.9991455,0.0014635617,0.0
big,big,big-GDPH-malignant-1313,malignant,1,0.25101236,0.38551828,0.8
big,big,big-GDPH-malignant-1317,malignant,1,0.9231373,0.22574273,0.1
big,big,big-GDPH-malignant-1321,malignant,1,0.8740492,0.22757934,0.1
big,big,big-GDPH-malignant-1337,malignant,1,0.24373198,0.303618,0.8
big,big,big-GDPH-malignant-1340,malignant,1,0.9987728,0.0024673394,0.0
big,big,big-GDPH-malignant-1341,malignant,1,0.6914171,0.4304221,0.3
big,big,big-GDPH-malignant-1345,malignant,1,0.88244116,0.292795,0.1
big,big,big-GDPH-malignant-1346,malignant,1,0.99987906,0.00020320626,0.0
big,big,big-GDPH-malignant-1352,malignant,1,0.8985419,0.2919606,0.1
big,big,big-GDPH-malignant-1354,malignant,1,0.40865475,0.3353608,0.5
big,big,big-GDPH-malignant-1356,malignant,1,0.99972266,0.0005253377,0.0
big,big,big-GDPH-malignant-1377,malignant,1,0.999942,0.00013795134,0.0
big,big,big-GDPH-malignant-1382,malignant,1,0.91322124,0.13055569,0.0
big,big,big-GDPH-malignant-1388,malignant,1,0.43919152,0.38462996,0.5
big,big,big-GDPH-malignant-1400,malignant,1,0.8206922,0.23218869,0.1
big,big,big-GDPH-malignant-1414,malignant,1,0.7925318,0.31158224,0.2
big,big,big-GDPH-malignant-1416,malignant,1,0.2969796,0.33462897,0.7
big,big,big-GDPH-malignant-1421,malignant,1,0.8929471,0.16757943,0.0
big,big,big-GDPH-malignant-1426,malignant,1,0.092272714,0.21463911,0.9
big,big,big-GDPH-malignant-1439,malignant,1,0.7883109,0.30568662,0.2
big,big,big-GDPH-malignant-1443,malignant,1,0.9939871,0.011344635,0.0
big,big,big-GDPH-malignant-1449,malignant,1,0.98318946,0.02287062,0.0
big,big,big-GDPH-malignant-1450,malignant,1,0.38426054,0.35881156,0.6
big,big,big-GDPH-malignant-1465,malignant,1,0.62543935,0.39201844,0.4
big,big,big-GDPH-malignant-1468,malignant,1,0.0004130546,0.0006666831,1.0
big,big,big-GDPH-malignant-1469,malignant,1,0.1492867,0.30552715,0.9
big,big,big-GDPH-malignant-1477,malignant,1,0.17351957,0.19634442,0.9
big,big,big-GDPH-malignant-1483,malignant,1,0.99648124,0.0056597865,0.0
big,big,big-GDPH-malignant-1489,malignant,1,0.99856174,0.0029436175,0.0
big,big,big-GDPH-malignant-1491,malignant,1,0.006787935,0.010798289,1.0
big,big,big-GDPH-malignant-1499,malignant,1,0.94639415,0.10942411,0.0
big,big,big-GDPH-malignant-1505,malignant,1,0.89797324,0.16809456,0.1
big,big,big-SYSUCC-benign-0110,benign,0,0.0628754,0.16747008,0.1
big,big,big-SYSUCC-benign-0121,benign,0,0.20629323,0.28705323,0.1
big,big,big-SYSUCC-benign-0127,benign,0,5.5052697e-05,8.117821e-05,0.0
big,big,big-SYSUCC-benign-0132,benign,0,0.020100182,0.03520057,0.0
big,big,big-SYSUCC-benign-0140,benign,0,0.9662778,0.05874259,1.0
big,big,big-SYSUCC-benign-0143,benign,0,0.0072228787,0.014541992,0.0
big,big,big-SYSUCC-benign-0015,benign,0,0.9998492,0.00037795858,1.0
big,big,big-SYSUCC-benign-0153,benign,0,0.7329893,0.29111114,0.8
big,big,big-SYSUCC-benign-0155,benign,0,0.9985302,0.0019084251,1.0
big,big,big-SYSUCC-benign-0173,benign,0,0.8233136,0.2958115,0.9
big,big,big-SYSUCC-benign-0178,benign,0,0.93427765,0.1907385,0.9
big,big,big-SYSUCC-benign-0018,benign,0,0.5062725,0.39477003,0.4
big,big,big-SYSUCC-benign-0182,benign,0,0.02972118,0.041365474,0.0
big,big,big-SYSUCC-benign-0185,benign,0,6.650902e-05,0.0001374425,0.0
big,big,big-SYSUCC-benign-0197,benign,0,0.004579445,0.008352413,0.0
big,big,big-SYSUCC-benign-0002,benign,0,0.077362135,0.2166993,0.1
big,big,big-SYSUCC-benign-0020,benign,0,0.35979348,0.36872092,0.3
big,big,big-SYSUCC-benign-0204,benign,0,0.05511395,0.09606722,0.0
big,big,big-SYSUCC-benign-0227,benign,0,0.9909314,0.022952124,1.0
big,big,big-SYSUCC-benign-0230,benign,0,0.09350016,0.111708105,0.0
big,big,big-SYSUCC-benign-0235,benign,0,0.10824014,0.21584545,0.1
big,big,big-SYSUCC-benign-0237,benign,0,0.017358411,0.042810712,0.0
big,big,big-SYSUCC-benign-0247,benign,0,0.0023768866,0.0052939896,0.0
big,big,big-SYSUCC-benign-0250,benign,0,0.0055902717,0.011239505,0.0
big,big,big-SYSUCC-benign-0251,benign,0,0.07242461,0.14072822,0.0
big,big,big-SYSUCC-benign-0255,benign,0,0.03777151,0.060583822,0.0
big,big,big-SYSUCC-benign-0262,benign,0,0.09828006,0.26272562,0.1
big,big,big-SYSUCC-benign-0271,benign,0,0.14422181,0.2566838,0.2
big,big,big-SYSUCC-benign-0273,benign,0,0.3924944,0.4056515,0.3
big,big,big-SYSUCC-benign-0281,benign,0,0.8837417,0.20763147,0.9
big,big,big-SYSUCC-benign-0282,benign,0,0.25120586,0.2694951,0.3
big,big,big-SYSUCC-benign-0292,benign,0,0.10461871,0.17803232,0.1
big,big,big-SYSUCC-benign-0295,benign,0,0.25700182,0.3940135,0.2
big,big,big-SYSUCC-benign-0300,benign,0,0.3592432,0.38283986,0.4
big,big,big-SYSUCC-benign-0304,benign,0,0.92289495,0.22643064,0.9
big,big,big-SYSUCC-benign-0306,benign,0,0.8008955,0.39101177,0.8
big,big,big-SYSUCC-benign-0307,benign,0,1.4106654e-05,1.9446057e-05,0.0
big,big,big-SYSUCC-benign-0312,benign,0,0.0037472125,0.0073752934,0.0
big,big,big-SYSUCC-benign-0315,benign,0,7.5947537e-06,1.7805383e-05,0.0
big,big,big-SYSUCC-benign-0323,benign,0,0.38078046,0.43153894,0.4
big,big,big-SYSUCC-benign-0329,benign,0,0.46727568,0.42059213,0.4
big,big,big-SYSUCC-benign-0351,benign,0,0.024183294,0.042761724,0.0
big,big,big-SYSUCC-benign-0361,benign,0,0.8484899,0.29449382,0.9
big,big,big-SYSUCC-benign-0367,benign,0,7.887769e-05,0.00018139332,0.0
big,big,big-SYSUCC-benign-0376,benign,0,0.010658739,0.015384152,0.0
big,big,big-SYSUCC-benign-0378,benign,0,0.6761415,0.3706279,0.6
big,big,big-SYSUCC-benign-0385,benign,0,0.31295156,0.44824016,0.3
big,big,big-SYSUCC-benign-0041,benign,0,2.476508e-08,7.0204464e-08,0.0
big,big,big-SYSUCC-benign-0416,benign,0,0.2859552,0.36464965,0.3
big,big,big-SYSUCC-benign-0418,benign,0,0.024595669,0.06823637,0.0
big,big,big-SYSUCC-benign-0042,benign,0,0.49387607,0.4895331,0.5
big,big,big-SYSUCC-benign-0426,benign,0,0.20092466,0.26281595,0.2
big,big,big-SYSUCC-benign-0427,benign,0,6.504242e-09,1.4758539e-08,0.0
big,big,big-SYSUCC-benign-0429,benign,0,0.013097132,0.01991651,0.0
big,big,big-SYSUCC-benign-0432,benign,0,0.37413648,0.4242097,0.4
big,big,big-SYSUCC-benign-0005,benign,0,0.017316233,0.024465183,0.0
big,big,big-SYSUCC-benign-0052,benign,0,0.00012904083,0.00024392885,0.0
big,big,big-SYSUCC-benign-0058,benign,0,2.7469792e-05,5.413496e-05,0.0
big,big,big-SYSUCC-benign-0060,benign,0,2.6530859e-05,3.4824236e-05,0.0
big,big,big-SYSUCC-benign-0062,benign,0,0.99942464,0.0013199488,1.0
big,big,big-SYSUCC-benign-0072,benign,0,0.0043271016,0.0059527424,0.0
big,big,big-SYSUCC-benign-0008,benign,0,0.0011226737,0.0022544966,0.0
big,big,big-SYSUCC-benign-0097,benign,0,0.55070597,0.35267267,0.6
big,big,big-SYSUCC-malignant-0000,malignant,1,0.9481904,0.074021734,0.0
big,big,big-SYSUCC-malignant-0100,malignant,1,0.97188026,0.048330374,0.0
big,big,big-SYSUCC-malignant-1003,malignant,1,0.9999541,0.00010310886,0.0
big,big,big-SYSUCC-malignant-1008,malignant,1,0.6805379,0.4272599,0.3
big,big,big-SYSUCC-malignant-1010,malignant,1,0.9847293,0.04086366,0.0
big,big,big-SYSUCC-malignant-1019,malignant,1,0.9999121,0.00025583242,0.0
big,big,big-SYSUCC-malignant-1023,malignant,1,0.99983674,0.00022792438,0.0
big,big,big-SYSUCC-malignant-1035,malignant,1,0.9976986,0.0031064025,0.0
big,big,big-SYSUCC-malignant-1040,malignant,1,0.99917907,0.0019662783,0.0
big,big,big-SYSUCC-malignant-1044,malignant,1,0.75957984,0.33169985,0.3
big,big,big-SYSUCC-malignant-1058,malignant,1,0.9869016,0.023476364,0.0
big,big,big-SYSUCC-malignant-1062,malignant,1,0.9718763,0.06497138,0.0
big,big,big-SYSUCC-malignant-1064,malignant,1,0.9910507,0.025563033,0.0
big,big,big-SYSUCC-malignant-1069,malignant,1,0.9996463,0.0009933113,0.0
big,big,big-SYSUCC-malignant-1071,malignant,1,0.9354743,0.18650928,0.1
big,big,big-SYSUCC-malignant-1075,malignant,1,0.9997047,0.0006031404,0.0
big,big,big-SYSUCC-malignant-1077,malignant,1,0.3262178,0.39439523,0.6
big,big,big-SYSUCC-malignant-1105,malignant,1,0.10040669,0.22111818,0.9
big,big,big-SYSUCC-malignant-1110,malignant,1,0.99993026,0.00020049559,0.0
big,big,big-SYSUCC-malignant-1115,malignant,1,0.88068867,0.24260974,0.1
big,big,big-SYSUCC-malignant-0112,malignant,1,0.99937296,0.0008427379,0.0
big,big,big-SYSUCC-malignant-0121,malignant,1,0.97187793,0.080442175,0.0
big,big,big-SYSUCC-malignant-0126,malignant,1,0.9463717,0.08242654,0.0
big,big,big-SYSUCC-malignant-0134,malignant,1,0.8147234,0.23438443,0.2
big,big,big-SYSUCC-malignant-0137,malignant,1,0.7594458,0.3464085,0.3
big,big,big-SYSUCC-malignant-0148,malignant,1,0.49526677,0.42775923,0.5
big,big,big-SYSUCC-malignant-0016,malignant,1,0.97366315,0.05745932,0.0
big,big,big-SYSUCC-malignant-0168,malignant,1,0.99973154,0.00040505445,0.0
big,big,big-SYSUCC-malignant-0017,malignant,1,0.99513704,0.010819293,0.0
big,big,big-SYSUCC-malignant-0174,malignant,1,0.4963142,0.37963155,0.4
big,big,big-SYSUCC-malignant-0175,malignant,1,0.9597777,0.048944958,0.0
big,big,big-SYSUCC-malignant-0178,malignant,1,0.87434083,0.29245487,0.1
big,big,big-SYSUCC-malignant-0193,malignant,1,0.9916145,0.009959021,0.0
big,big,big-SYSUCC-malignant-0021,malignant,1,0.16114482,0.2859602,0.9
big,big,big-SYSUCC-malignant-0216,malignant,1,0.8333457,0.24551733,0.1
big,big,big-SYSUCC-malignant-0221,malignant,1,0.98121834,0.036907144,0.0
big,big,big-SYSUCC-malignant-0223,malignant,1,0.9944339,0.015611363,0.0
big,big,big-SYSUCC-malignant-0227,malignant,1,0.9997177,0.0008423421,0.0
big,big,big-SYSUCC-malignant-0239,malignant,1,0.9997929,0.00051351974,0.0
big,big,big-SYSUCC-malignant-0244,malignant,1,0.9777521,0.05483206,0.0
big,big,big-SYSUCC-malignant-0256,malignant,1,0.99811304,0.0028967618,0.0
big,big,big-SYSUCC-malignant-0257,malignant,1,0.99674875,0.0068167467,0.0
big,big,big-SYSUCC-malignant-0267,malignant,1,0.99985045,0.00036895796,0.0
big,big,big-SYSUCC-malignant-0270,malignant,1,0.9999741,7.710371e-05,0.0
big,big,big-SYSUCC-malignant-0284,malignant,1,0.922629,0.17683057,0.1
big,big,big-SYSUCC-malignant-0285,malignant,1,0.827326,0.22072057,0.2
big,big,big-SYSUCC-malignant-0296,malignant,1,0.18493691,0.30452958,0.9
big,big,big-SYSUCC-malignant-0298,malignant,1,0.9663354,0.08232252,0.0
big,big,big-SYSUCC-malignant-0003,malignant,1,0.3918013,0.40333152,0.7
big,big,big-SYSUCC-malignant-0303,malignant,1,0.9999795,5.7370133e-05,0.0
big,big,big-SYSUCC-malignant-0318,malignant,1,0.9292938,0.15169024,0.1
big,big,big-SYSUCC-malignant-0320,malignant,1,0.8895351,0.24124372,0.1
big,big,big-SYSUCC-malignant-0033,malignant,1,0.99914896,0.0015963719,0.0
big,big,big-SYSUCC-malignant-0336,malignant,1,0.9967629,0.005115583,0.0
big,big,big-SYSUCC-malignant-0338,malignant,1,0.9977747,0.006331819,0.0
big,big,big-SYSUCC-malignant-0343,malignant,1,0.9841709,0.037272774,0.0
big,big,big-SYSUCC-malignant-0350,malignant,1,0.4194366,0.46870428,0.6
big,big,big-SYSUCC-malignant-0362,malignant,1,0.99692696,0.0091923205,0.0
big,big,big-SYSUCC-malignant-0364,malignant,1,0.9310244,0.123248026,0.0
big,big,big-SYSUCC-malignant-0376,malignant,1,0.992537,0.014150253,0.0
big,big,big-SYSUCC-malignant-0038,malignant,1,0.999197,0.0021067192,0.0
big,big,big-SYSUCC-malignant-0380,malignant,1,0.91705626,0.116034865,0.0
big,big,big-SYSUCC-malignant-0384,malignant,1,0.9998609,0.00038466873,0.0
big,big,big-SYSUCC-malignant-0396,malignant,1,0.95775527,0.08233021,0.0
big,big,big-SYSUCC-malignant-0406,malignant,1,0.999889,0.00029724193,0.0
big,big,big-SYSUCC-malignant-0429,malignant,1,0.999719,0.0006134152,0.0
big,big,big-SYSUCC-malignant-0438,malignant,1,0.9253365,0.15585199,0.1
big,big,big-SYSUCC-malignant-0441,malignant,1,0.86903685,0.2825167,0.1
big,big,big-SYSUCC-malignant-0445,malignant,1,0.9999749,4.2983746e-05,0.0
big,big,big-SYSUCC-malignant-0449,malignant,1,0.99984664,0.0003641499,0.0
big,big,big-SYSUCC-malignant-0450,malignant,1,0.9997242,0.00040018876,0.0
big,big,big-SYSUCC-malignant-0453,malignant,1,0.99930084,0.0019132062,0.0
big,big,big-SYSUCC-malignant-0455,malignant,1,0.11971785,0.2561771,0.9
big,big,big-SYSUCC-malignant-0457,malignant,1,0.49452633,0.4111858,0.4
big,big,big-SYSUCC-malignant-0458,malignant,1,0.60186374,0.43488005,0.4
big,big,big-SYSUCC-malignant-0459,malignant,1,0.13012569,0.28993556,0.9
big,big,big-SYSUCC-malignant-0462,malignant,1,0.9862484,0.02253839,0.0
big,big,big-SYSUCC-malignant-0463,malignant,1,0.9684844,0.07151746,0.0
big,big,big-SYSUCC-malignant-0467,malignant,1,0.9786379,0.04850548,0.0
big,big,big-SYSUCC-malignant-0469,malignant,1,0.9962393,0.0070339153,0.0
big,big,big-SYSUCC-malignant-0471,malignant,1,0.97184134,0.061192807,0.0
big,big,big-SYSUCC-malignant-0477,malignant,1,0.7254817,0.30777416,0.2
big,big,big-SYSUCC-malignant-0482,malignant,1,0.9945386,0.009513732,0.0
big,big,big-SYSUCC-malignant-0504,malignant,1,0.99984896,0.00024354918,0.0
big,big,big-SYSUCC-malignant-0512,malignant,1,0.2215496,0.3088012,0.8
big,big,big-SYSUCC-malignant-0513,malignant,1,0.977905,0.036924064,0.0
big,big,big-SYSUCC-malignant-0517,malignant,1,0.99999905,1.9092104e-06,0.0
big,big,big-SYSUCC-malignant-0526,malignant,1,0.97125626,0.079850875,0.0
big,big,big-SYSUCC-malignant-0538,malignant,1,0.96773225,0.04627284,0.0
big,big,big-SYSUCC-malignant-0054,malignant,1,0.9995815,0.0009342875,0.0
big,big,big-SYSUCC-malignant-0540,malignant,1,0.99995995,8.147626e-05,0.0
big,big,big-SYSUCC-malignant-0545,malignant,1,0.99582326,0.011393112,0.0
big,big,big-SYSUCC-malignant-0552,malignant,1,0.9999549,0.00010824264,0.0
big,big,big-SYSUCC-malignant-0564,malignant,1,0.9320482,0.17905,0.1
big,big,big-SYSUCC-malignant-0057,malignant,1,0.8005411,0.33775833,0.2
big,big,big-SYSUCC-malignant-0570,malignant,1,0.91088945,0.12998846,0.0
big,big,big-SYSUCC-malignant-0572,malignant,1,0.99131364,0.013783455,0.0
big,big,big-SYSUCC-malignant-0577,malignant,1,0.27441508,0.2983698,0.8
big,big,big-SYSUCC-malignant-0590,malignant,1,0.9991865,0.002434026,0.0
big,big,big-SYSUCC-malignant-0603,malignant,1,0.9999531,0.00010457666,0.0
big,big,big-SYSUCC-malignant-0614,malignant,1,0.625836,0.38318104,0.4
big,big,big-SYSUCC-malignant-0615,malignant,1,0.6255431,0.43146524,0.4
big,big,big-SYSUCC-malignant-0644,malignant,1,0.87355644,0.15256345,0.0
big,big,big-SYSUCC-malignant-0649,malignant,1,0.07581256,0.17394982,0.9
big,big,big-SYSUCC-malignant-0066,malignant,1,0.35779288,0.40212372,0.7
big,big,big-SYSUCC-malignant-0661,malignant,1,0.9999464,0.00011080439,0.0
big,big,big-SYSUCC-malignant-0677,malignant,1,0.6595532,0.35640302,0.4
big,big,big-SYSUCC-malignant-0678,malignant,1,0.56735003,0.39126852,0.4
big,big,big-SYSUCC-malignant-0681,malignant,1,0.40940914,0.44424662,0.6
big,big,big-SYSUCC-malignant-0683,malignant,1,0.993584,0.009572887,0.0
big,big,big-SYSUCC-malignant-0007,malignant,1,0.9999286,0.00020324589,0.0
big,big,big-SYSUCC-malignant-0706,malignant,1,0.99858934,0.0039555575,0.0
big,big,big-SYSUCC-malignant-0708,malignant,1,0.9930254,0.02091213,0.0
big,big,big-SYSUCC-malignant-0710,malignant,1,0.60553527,0.41953087,0.4
big,big,big-SYSUCC-malignant-0715,malignant,1,0.9991754,0.0018806611,0.0
big,big,big-SYSUCC-malignant-0719,malignant,1,0.9986162,0.0041141473,0.0
big,big,big-SYSUCC-malignant-0725,malignant,1,0.13298297,0.274736,0.9
big,big,big-SYSUCC-malignant-0728,malignant,1,0.8011793,0.30490255,0.2
big,big,big-SYSUCC-malignant-0753,malignant,1,0.8951516,0.2101952,0.1
big,big,big-SYSUCC-malignant-0758,malignant,1,0.9983201,0.0035930576,0.0
big,big,big-SYSUCC-malignant-0764,malignant,1,0.9977544,0.00520757,0.0
big,big,big-SYSUCC-malignant-0766,malignant,1,0.95989496,0.10223946,0.0
big,big,big-SYSUCC-malignant-0770,malignant,1,0.99999505,9.185035e-06,0.0
big,big,big-SYSUCC-malignant-0773,malignant,1,0.9682579,0.06777397,0.0
big,big,big-SYSUCC-malignant-0078,malignant,1,0.99881756,0.0026441677,0.0
big,big,big-SYSUCC-malignant-0782,malignant,1,0.99941665,0.0008816294,0.0
big,big,big-SYSUCC-malignant-0784,malignant,1,0.9978157,0.005947653,0.0
big,big,big-SYSUCC-malignant-0786,malignant,1,0.98603904,0.041861113,0.0
big,big,big-SYSUCC-malignant-0795,malignant,1,0.95000726,0.08399949,0.0
big,big,big-SYSUCC-malignant-0804,malignant,1,0.91829526,0.1433152,0.0
big,big,big-SYSUCC-malignant-0809,malignant,1,0.94099295,0.17364639,0.1
big,big,big-SYSUCC-malignant-0815,malignant,1,0.34041807,0.38714558,0.7
big,big,big-SYSUCC-malignant-0822,malignant,1,0.7131461,0.36872363,0.3
big,big,big-SYSUCC-malignant-0828,malignant,1,0.6116965,0.4068714,0.4
big,big,big-SYSUCC-malignant-0831,malignant,1,0.9532137,0.13873106,0.0
big,big,big-SYSUCC-malignant-0835,malignant,1,0.6387191,0.4238964,0.3
big,big,big-SYSUCC-malignant-0840,malignant,1,0.99995345,0.00010216357,0.0
big,big,big-SYSUCC-malignant-0841,malignant,1,0.9993547,0.0018065483,0.0
big,big,big-SYSUCC-malignant-0851,malignant,1,0.998984,0.0025215677,0.0
big,big,big-SYSUCC-malignant-0855,malignant,1,0.9999962,6.387883e-06,0.0
big,big,big-SYSUCC-malignant-0859,malignant,1,0.93597907,0.17020623,0.1
big,big,big-SYSUCC-malignant-0871,malignant,1,0.9566652,0.12340418,0.0
big,big,big-SYSUCC-malignant-0873,malignant,1,0.932267,0.18996356,0.1
big,big,big-SYSUCC-malignant-0876,malignant,1,0.90319365,0.2330633,0.1
big,big,big-SYSUCC-malignant-0887,malignant,1,0.9999894,1.26468085e-05,0.0
big,big,big-SYSUCC-malignant-0898,malignant,1,0.99999064,1.777428e-05,0.0
big,big,big-SYSUCC-malignant-0910,malignant,1,0.8944976,0.2507848,0.1
big,big,big-SYSUCC-malignant-0921,malignant,1,0.35610768,0.40547118,0.7
big,big,big-SYSUCC-malignant-0925,malignant,1,0.9936795,0.016768513,0.0
big,big,big-SYSUCC-malignant-0926,malignant,1,0.6281845,0.34812486,0.3
big,big,big-SYSUCC-malignant-0929,malignant,1,0.57674664,0.416215,0.4
big,big,big-SYSUCC-malignant-0930,malignant,1,0.53165925,0.44757575,0.5
big,big,big-SYSUCC-malignant-0941,malignant,1,0.95840514,0.07487419,0.0
big,big,big-SYSUCC-malignant-0952,malignant,1,0.9999014,0.0002452202,0.0
big,big,big-SYSUCC-malignant-0967,malignant,1,0.95857733,0.090745784,0.0
big,big,big-SYSUCC-malignant-0976,malignant,1,0.8481086,0.25941432,0.1
big,big,big-SYSUCC-malignant-0982,malignant,1,0.9136095,0.24460378,0.1
